2026-07-10 01:43:42,652 [ETK-MAIL] INFO: 📤 Sent: Sovereign Transmission to david@edgetech-knowledgey.fwh.is
2026-07-10 01:43:42,654 [ETK-MAIL] INFO: 📥 Delivered: Sovereign Transmission from david@edgetech-knowledgey.fwh.is
2026-07-10 01:43:42,654 [ETK-MAIL] INFO: API SEND → david@edgetech-knowledgey.fwh.is: Sovereign Transmission
2026-07-10 23:30:41,929 [ETK-MAIL] INFO: Loaded 3 emails from inbox
2026-07-10 23:30:41,930 [ETK-MAIL] INFO: Loaded 2 emails from sent
2026-07-10 23:30:41,933 [ETK-MAIL] INFO: ═══════════════════════════════════════════════════
2026-07-10 23:30:41,934 [ETK-MAIL] INFO:   ETK Mail Server v1.0
2026-07-10 23:30:41,934 [ETK-MAIL] INFO:   Domain  : edgetech-knowledgey.fwh.is
2026-07-10 23:30:41,934 [ETK-MAIL] INFO:   Owner   : david@edgetech-knowledgey.fwh.is · Chief Architect
2026-07-10 23:30:41,935 [ETK-MAIL] INFO:   SMTP    : 0.0.0.0:8025
2026-07-10 23:30:41,935 [ETK-MAIL] INFO:   API     : 0.0.0.0:8585
2026-07-10 23:30:41,935 [ETK-MAIL] INFO:   Mailbox : ./etk_mailbox/
2026-07-10 23:30:41,935 [ETK-MAIL] INFO: ═══════════════════════════════════════════════════
2026-07-10 23:30:41,936 [ETK-MAIL] INFO:   ETK Sovereign Mail — running on your device
2026-07-10 23:30:48,116 [ETK-MAIL] INFO: Loaded 3 emails from inbox
2026-07-10 23:30:48,116 [ETK-MAIL] INFO: Loaded 2 emails from sent
Accounts module loaded
Traceback (most recent call last):
  File "/data/data/com.termux/files/home/PhoneServe/etk_mail_server.py", line 420, in <module>
    asyncio.run(main())
    ~~~~~~~~~~~^^^^^^^^
  File "/data/data/com.termux/files/usr/lib/python3.13/asyncio/runners.py", line 195, in run
    return runner.run(main)
           ~~~~~~~~~~^^^^^^
  File "/data/data/com.termux/files/usr/lib/python3.13/asyncio/runners.py", line 118, in run
    return self._loop.run_until_complete(task)
           ~~~~~~~~~~~~~~~~~~~~~~~~~~~~~^^^^^^
  File "/data/data/com.termux/files/usr/lib/python3.13/asyncio/base_events.py", line 725, in run_until_complete
    return future.result()
           ~~~~~~~~~~~~~^^
  File "/data/data/com.termux/files/home/PhoneServe/etk_mail_server.py", line 400, in main
    smtp_server = await asyncio.start_server(smtp_handler, '0.0.0.0', CONFIG['smtp_port'])
                  ^^^^^^^^^^^^^^^^^^^^^^^^^^^^^^^^^^^^^^^^^^^^^^^^^^^^^^^^^^^^^^^^^^^^^^^^
  File "/data/data/com.termux/files/usr/lib/python3.13/asyncio/streams.py", line 84, in start_server
    return await loop.create_server(factory, host, port, **kwds)
           ^^^^^^^^^^^^^^^^^^^^^^^^^^^^^^^^^^^^^^^^^^^^^^^^^^^^^
  File "/data/data/com.termux/files/usr/lib/python3.13/asyncio/base_events.py", line 1641, in create_server
    raise OSError(err.errno, msg) from None
OSError: [Errno 98] error while attempting to bind on address ('0.0.0.0', 8025): [errno 98] address already in use
2026-07-12 03:00:58,790 [ETK-MAIL] INFO: Loaded 3 emails from inbox
2026-07-12 03:00:58,840 [ETK-MAIL] INFO: Loaded 2 emails from sent
2026-07-12 03:00:58,889 [ETK-MAIL] INFO: ═══════════════════════════════════════════════════
2026-07-12 03:00:58,890 [ETK-MAIL] INFO:   ETK Mail Server v1.0
2026-07-12 03:00:58,890 [ETK-MAIL] INFO:   Domain  : edgetech-knowledgey.fwh.is
2026-07-12 03:00:58,890 [ETK-MAIL] INFO:   Owner   : david@edgetech-knowledgey.fwh.is · Chief Architect
2026-07-12 03:00:58,890 [ETK-MAIL] INFO:   SMTP    : 0.0.0.0:8025
2026-07-12 03:00:58,890 [ETK-MAIL] INFO:   API     : 0.0.0.0:8585
2026-07-12 03:00:58,890 [ETK-MAIL] INFO:   Mailbox : ./etk_mailbox/
2026-07-12 03:00:58,891 [ETK-MAIL] INFO: ═══════════════════════════════════════════════════
2026-07-12 03:00:58,891 [ETK-MAIL] INFO:   ETK Sovereign Mail — running on your device
2026-07-12 03:02:03,564 [ETK-MAIL] INFO: Loaded 3 emails from inbox
2026-07-12 03:02:03,744 [ETK-MAIL] INFO: Loaded 2 emails from sent
Accounts module loaded
Traceback (most recent call last):
  File "/data/data/com.termux/files/home/PhoneServe/etk_mail_server.py", line 420, in <module>
    asyncio.run(main())
    ~~~~~~~~~~~^^^^^^^^
  File "/data/data/com.termux/files/usr/lib/python3.13/asyncio/runners.py", line 195, in run
    return runner.run(main)
           ~~~~~~~~~~^^^^^^
  File "/data/data/com.termux/files/usr/lib/python3.13/asyncio/runners.py", line 118, in run
    return self._loop.run_until_complete(task)
           ~~~~~~~~~~~~~~~~~~~~~~~~~~~~~^^^^^^
  File "/data/data/com.termux/files/usr/lib/python3.13/asyncio/base_events.py", line 725, in run_until_complete
    return future.result()
           ~~~~~~~~~~~~~^^
  File "/data/data/com.termux/files/home/PhoneServe/etk_mail_server.py", line 400, in main
    smtp_server = await asyncio.start_server(smtp_handler, '0.0.0.0', CONFIG['smtp_port'])
                  ^^^^^^^^^^^^^^^^^^^^^^^^^^^^^^^^^^^^^^^^^^^^^^^^^^^^^^^^^^^^^^^^^^^^^^^^
  File "/data/data/com.termux/files/usr/lib/python3.13/asyncio/streams.py", line 84, in start_server
    return await loop.create_server(factory, host, port, **kwds)
           ^^^^^^^^^^^^^^^^^^^^^^^^^^^^^^^^^^^^^^^^^^^^^^^^^^^^^
  File "/data/data/com.termux/files/usr/lib/python3.13/asyncio/base_events.py", line 1641, in create_server
    raise OSError(err.errno, msg) from None
OSError: [Errno 98] error while attempting to bind on address ('0.0.0.0', 8025): [errno 98] address already in use
2026-07-12 11:00:44,221 [ETK-MAIL] INFO: 📤 Sent: Sovereign Transmission to david@edgetech-knowledgey.fwh.is
2026-07-12 11:00:44,228 [ETK-MAIL] INFO: 📥 Delivered: Sovereign Transmission from david@edgetech-knowledgey.fwh.is
2026-07-12 11:00:44,228 [ETK-MAIL] INFO: API SEND → david@edgetech-knowledgey.fwh.is: Sovereign Transmission
2026-07-12 11:15:06,322 [ETK-MAIL] INFO: Loaded 4 emails from inbox
2026-07-12 11:15:06,354 [ETK-MAIL] INFO: Loaded 3 emails from sent
2026-07-12 11:15:06,357 [ETK-MAIL] INFO: ═══════════════════════════════════════════════════
2026-07-12 11:15:06,357 [ETK-MAIL] INFO:   ETK Mail Server v1.0
2026-07-12 11:15:06,357 [ETK-MAIL] INFO:   Domain  : edgetech-knowledgey.fwh.is
2026-07-12 11:15:06,394 [ETK-MAIL] INFO:   Owner   : david@edgetech-knowledgey.fwh.is · Chief Architect
2026-07-12 11:15:06,394 [ETK-MAIL] INFO:   SMTP    : 0.0.0.0:8025
2026-07-12 11:15:06,395 [ETK-MAIL] INFO:   API     : 0.0.0.0:8585
2026-07-12 11:15:06,395 [ETK-MAIL] INFO:   Mailbox : ./etk_mailbox/
2026-07-12 11:15:06,395 [ETK-MAIL] INFO: ═══════════════════════════════════════════════════
2026-07-12 11:15:06,395 [ETK-MAIL] INFO:   ETK Sovereign Mail — running on your device
2026-07-12 11:16:00,388 [ETK-MAIL] INFO: Loaded 4 emails from inbox
2026-07-12 11:16:00,399 [ETK-MAIL] INFO: Loaded 3 emails from sent
Accounts module loaded
Traceback (most recent call last):
  File "/data/data/com.termux/files/home/PhoneServe/etk_mail_server.py", line 420, in <module>
    asyncio.run(main())
    ~~~~~~~~~~~^^^^^^^^
  File "/data/data/com.termux/files/usr/lib/python3.13/asyncio/runners.py", line 195, in run
    return runner.run(main)
           ~~~~~~~~~~^^^^^^
  File "/data/data/com.termux/files/usr/lib/python3.13/asyncio/runners.py", line 118, in run
    return self._loop.run_until_complete(task)
           ~~~~~~~~~~~~~~~~~~~~~~~~~~~~~^^^^^^
  File "/data/data/com.termux/files/usr/lib/python3.13/asyncio/base_events.py", line 725, in run_until_complete
    return future.result()
           ~~~~~~~~~~~~~^^
  File "/data/data/com.termux/files/home/PhoneServe/etk_mail_server.py", line 400, in main
    smtp_server = await asyncio.start_server(smtp_handler, '0.0.0.0', CONFIG['smtp_port'])
                  ^^^^^^^^^^^^^^^^^^^^^^^^^^^^^^^^^^^^^^^^^^^^^^^^^^^^^^^^^^^^^^^^^^^^^^^^
  File "/data/data/com.termux/files/usr/lib/python3.13/asyncio/streams.py", line 84, in start_server
    return await loop.create_server(factory, host, port, **kwds)
           ^^^^^^^^^^^^^^^^^^^^^^^^^^^^^^^^^^^^^^^^^^^^^^^^^^^^^
  File "/data/data/com.termux/files/usr/lib/python3.13/asyncio/base_events.py", line 1641, in create_server
    raise OSError(err.errno, msg) from None
OSError: [Errno 98] error while attempting to bind on address ('0.0.0.0', 8025): [errno 98] address already in use
2026-07-12 15:17:41,311 [ETK-MAIL] INFO: 📤 Sent: Sovereign Transmission to david@edgetech-knowledgey.fwh.is
2026-07-12 15:17:41,315 [ETK-MAIL] INFO: 📥 Delivered: Sovereign Transmission from david@edgetech-knowledgey.fwh.is
2026-07-12 15:17:41,315 [ETK-MAIL] INFO: API SEND → david@edgetech-knowledgey.fwh.is: Sovereign Transmission
2026-07-14 04:35:02,974 [ETK-MAIL] INFO: Loaded 5 emails from inbox
2026-07-14 04:35:02,979 [ETK-MAIL] INFO: Loaded 4 emails from sent
2026-07-14 04:35:02,981 [ETK-MAIL] INFO: ═══════════════════════════════════════════════════
2026-07-14 04:35:02,981 [ETK-MAIL] INFO:   ETK Mail Server v1.0
2026-07-14 04:35:02,981 [ETK-MAIL] INFO:   Domain  : edgetech-knowledgey.fwh.is
2026-07-14 04:35:02,981 [ETK-MAIL] INFO:   Owner   : david@edgetech-knowledgey.fwh.is · Chief Architect
2026-07-14 04:35:02,981 [ETK-MAIL] INFO:   SMTP    : 0.0.0.0:8025
2026-07-14 04:35:02,981 [ETK-MAIL] INFO:   API     : 0.0.0.0:8585
2026-07-14 04:35:02,982 [ETK-MAIL] INFO:   Mailbox : ./etk_mailbox/
2026-07-14 04:35:02,982 [ETK-MAIL] INFO: ═══════════════════════════════════════════════════
2026-07-14 04:35:02,982 [ETK-MAIL] INFO:   ETK Sovereign Mail — running on your device
2026-07-14 04:35:04,550 [ETK-MAIL] INFO: Loaded 5 emails from inbox
2026-07-14 04:35:04,552 [ETK-MAIL] INFO: Loaded 4 emails from sent
Accounts module loaded
Traceback (most recent call last):
  File "/data/data/com.termux/files/home/PhoneServe/etk_mail_server.py", line 420, in <module>
    asyncio.run(main())
    ~~~~~~~~~~~^^^^^^^^
  File "/data/data/com.termux/files/usr/lib/python3.13/asyncio/runners.py", line 195, in run
    return runner.run(main)
           ~~~~~~~~~~^^^^^^
  File "/data/data/com.termux/files/usr/lib/python3.13/asyncio/runners.py", line 118, in run
    return self._loop.run_until_complete(task)
           ~~~~~~~~~~~~~~~~~~~~~~~~~~~~~^^^^^^
  File "/data/data/com.termux/files/usr/lib/python3.13/asyncio/base_events.py", line 725, in run_until_complete
    return future.result()
           ~~~~~~~~~~~~~^^
  File "/data/data/com.termux/files/home/PhoneServe/etk_mail_server.py", line 400, in main
    smtp_server = await asyncio.start_server(smtp_handler, '0.0.0.0', CONFIG['smtp_port'])
                  ^^^^^^^^^^^^^^^^^^^^^^^^^^^^^^^^^^^^^^^^^^^^^^^^^^^^^^^^^^^^^^^^^^^^^^^^
  File "/data/data/com.termux/files/usr/lib/python3.13/asyncio/streams.py", line 84, in start_server
    return await loop.create_server(factory, host, port, **kwds)
           ^^^^^^^^^^^^^^^^^^^^^^^^^^^^^^^^^^^^^^^^^^^^^^^^^^^^^
  File "/data/data/com.termux/files/usr/lib/python3.13/asyncio/base_events.py", line 1641, in create_server
    raise OSError(err.errno, msg) from None
OSError: [Errno 98] error while attempting to bind on address ('0.0.0.0', 8025): [errno 98] address already in use
2026-07-14 22:34:02,567 [ETK-MAIL] INFO: Loaded 5 emails from inbox
2026-07-14 22:34:02,568 [ETK-MAIL] INFO: Loaded 4 emails from sent
2026-07-14 22:34:02,571 [ETK-MAIL] INFO: ═══════════════════════════════════════════════════
2026-07-14 22:34:02,571 [ETK-MAIL] INFO:   ETK Mail Server v1.0
2026-07-14 22:34:02,571 [ETK-MAIL] INFO:   Domain  : edgetech-knowledgey.fwh.is
2026-07-14 22:34:02,571 [ETK-MAIL] INFO:   Owner   : david@edgetech-knowledgey.fwh.is · Chief Architect
2026-07-14 22:34:02,571 [ETK-MAIL] INFO:   SMTP    : 0.0.0.0:8025
2026-07-14 22:34:02,571 [ETK-MAIL] INFO:   API     : 0.0.0.0:8585
2026-07-14 22:34:02,572 [ETK-MAIL] INFO:   Mailbox : ./etk_mailbox/
2026-07-14 22:34:02,572 [ETK-MAIL] INFO: ═══════════════════════════════════════════════════
2026-07-14 22:34:02,572 [ETK-MAIL] INFO:   ETK Sovereign Mail — running on your device
2026-07-14 22:34:04,012 [ETK-MAIL] INFO: Loaded 5 emails from inbox
2026-07-14 22:34:04,012 [ETK-MAIL] INFO: Loaded 4 emails from sent
Accounts module loaded
Traceback (most recent call last):
  File "/data/data/com.termux/files/home/PhoneServe/etk_mail_server.py", line 420, in <module>
    asyncio.run(main())
    ~~~~~~~~~~~^^^^^^^^
  File "/data/data/com.termux/files/usr/lib/python3.13/asyncio/runners.py", line 195, in run
    return runner.run(main)
           ~~~~~~~~~~^^^^^^
  File "/data/data/com.termux/files/usr/lib/python3.13/asyncio/runners.py", line 118, in run
    return self._loop.run_until_complete(task)
           ~~~~~~~~~~~~~~~~~~~~~~~~~~~~~^^^^^^
  File "/data/data/com.termux/files/usr/lib/python3.13/asyncio/base_events.py", line 725, in run_until_complete
    return future.result()
           ~~~~~~~~~~~~~^^
  File "/data/data/com.termux/files/home/PhoneServe/etk_mail_server.py", line 400, in main
    smtp_server = await asyncio.start_server(smtp_handler, '0.0.0.0', CONFIG['smtp_port'])
                  ^^^^^^^^^^^^^^^^^^^^^^^^^^^^^^^^^^^^^^^^^^^^^^^^^^^^^^^^^^^^^^^^^^^^^^^^
  File "/data/data/com.termux/files/usr/lib/python3.13/asyncio/streams.py", line 84, in start_server
    return await loop.create_server(factory, host, port, **kwds)
           ^^^^^^^^^^^^^^^^^^^^^^^^^^^^^^^^^^^^^^^^^^^^^^^^^^^^^
  File "/data/data/com.termux/files/usr/lib/python3.13/asyncio/base_events.py", line 1641, in create_server
    raise OSError(err.errno, msg) from None
OSError: [Errno 98] error while attempting to bind on address ('0.0.0.0', 8025): [errno 98] address already in use
2026-07-15 14:33:11,450 [ETK-MAIL] INFO: Loaded 5 emails from inbox
2026-07-15 14:33:11,453 [ETK-MAIL] INFO: Loaded 4 emails from sent
2026-07-15 14:33:11,455 [ETK-MAIL] INFO: ═══════════════════════════════════════════════════
2026-07-15 14:33:11,455 [ETK-MAIL] INFO:   ETK Mail Server v1.0
2026-07-15 14:33:11,455 [ETK-MAIL] INFO:   Domain  : edgetech-knowledgey.fwh.is
2026-07-15 14:33:11,455 [ETK-MAIL] INFO:   Owner   : david@edgetech-knowledgey.fwh.is · Chief Architect
2026-07-15 14:33:11,455 [ETK-MAIL] INFO:   SMTP    : 0.0.0.0:8025
2026-07-15 14:33:11,455 [ETK-MAIL] INFO:   API     : 0.0.0.0:8585
2026-07-15 14:33:11,455 [ETK-MAIL] INFO:   Mailbox : ./etk_mailbox/
2026-07-15 14:33:11,455 [ETK-MAIL] INFO: ═══════════════════════════════════════════════════
2026-07-15 14:33:11,455 [ETK-MAIL] INFO:   ETK Sovereign Mail — running on your device
2026-07-15 14:33:14,220 [ETK-MAIL] INFO: Loaded 5 emails from inbox
2026-07-15 14:33:14,220 [ETK-MAIL] INFO: Loaded 4 emails from sent
Accounts module loaded
Traceback (most recent call last):
  File "/data/data/com.termux/files/home/PhoneServe/etk_mail_server.py", line 420, in <module>
    asyncio.run(main())
    ~~~~~~~~~~~^^^^^^^^
  File "/data/data/com.termux/files/usr/lib/python3.13/asyncio/runners.py", line 195, in run
    return runner.run(main)
           ~~~~~~~~~~^^^^^^
  File "/data/data/com.termux/files/usr/lib/python3.13/asyncio/runners.py", line 118, in run
    return self._loop.run_until_complete(task)
           ~~~~~~~~~~~~~~~~~~~~~~~~~~~~~^^^^^^
  File "/data/data/com.termux/files/usr/lib/python3.13/asyncio/base_events.py", line 725, in run_until_complete
    return future.result()
           ~~~~~~~~~~~~~^^
  File "/data/data/com.termux/files/home/PhoneServe/etk_mail_server.py", line 400, in main
    smtp_server = await asyncio.start_server(smtp_handler, '0.0.0.0', CONFIG['smtp_port'])
                  ^^^^^^^^^^^^^^^^^^^^^^^^^^^^^^^^^^^^^^^^^^^^^^^^^^^^^^^^^^^^^^^^^^^^^^^^
  File "/data/data/com.termux/files/usr/lib/python3.13/asyncio/streams.py", line 84, in start_server
    return await loop.create_server(factory, host, port, **kwds)
           ^^^^^^^^^^^^^^^^^^^^^^^^^^^^^^^^^^^^^^^^^^^^^^^^^^^^^
  File "/data/data/com.termux/files/usr/lib/python3.13/asyncio/base_events.py", line 1641, in create_server
    raise OSError(err.errno, msg) from None
OSError: [Errno 98] error while attempting to bind on address ('0.0.0.0', 8025): [errno 98] address already in use
2026-07-16 13:39:39,473 [ETK-MAIL] INFO: Loaded 5 emails from inbox
2026-07-16 13:39:39,475 [ETK-MAIL] INFO: Loaded 4 emails from sent
2026-07-16 13:39:39,476 [ETK-MAIL] INFO: ═══════════════════════════════════════════════════
2026-07-16 13:39:39,476 [ETK-MAIL] INFO:   ETK Mail Server v1.0
2026-07-16 13:39:39,476 [ETK-MAIL] INFO:   Domain  : edgetech-knowledgey.fwh.is
2026-07-16 13:39:39,476 [ETK-MAIL] INFO:   Owner   : david@edgetech-knowledgey.fwh.is · Chief Architect
2026-07-16 13:39:39,476 [ETK-MAIL] INFO:   SMTP    : 0.0.0.0:8025
2026-07-16 13:39:39,476 [ETK-MAIL] INFO:   API     : 0.0.0.0:8585
2026-07-16 13:39:39,477 [ETK-MAIL] INFO:   Mailbox : ./etk_mailbox/
2026-07-16 13:39:39,477 [ETK-MAIL] INFO: ═══════════════════════════════════════════════════
2026-07-16 13:39:39,477 [ETK-MAIL] INFO:   ETK Sovereign Mail — running on your device
2026-07-16 13:39:40,615 [ETK-MAIL] INFO: Loaded 5 emails from inbox
2026-07-16 13:39:40,616 [ETK-MAIL] INFO: Loaded 4 emails from sent
Accounts module loaded
Traceback (most recent call last):
  File "/data/data/com.termux/files/home/PhoneServe/etk_mail_server.py", line 420, in <module>
    asyncio.run(main())
    ~~~~~~~~~~~^^^^^^^^
  File "/data/data/com.termux/files/usr/lib/python3.13/asyncio/runners.py", line 195, in run
    return runner.run(main)
           ~~~~~~~~~~^^^^^^
  File "/data/data/com.termux/files/usr/lib/python3.13/asyncio/runners.py", line 118, in run
    return self._loop.run_until_complete(task)
           ~~~~~~~~~~~~~~~~~~~~~~~~~~~~~^^^^^^
  File "/data/data/com.termux/files/usr/lib/python3.13/asyncio/base_events.py", line 725, in run_until_complete
    return future.result()
           ~~~~~~~~~~~~~^^
  File "/data/data/com.termux/files/home/PhoneServe/etk_mail_server.py", line 400, in main
    smtp_server = await asyncio.start_server(smtp_handler, '0.0.0.0', CONFIG['smtp_port'])
                  ^^^^^^^^^^^^^^^^^^^^^^^^^^^^^^^^^^^^^^^^^^^^^^^^^^^^^^^^^^^^^^^^^^^^^^^^
  File "/data/data/com.termux/files/usr/lib/python3.13/asyncio/streams.py", line 84, in start_server
    return await loop.create_server(factory, host, port, **kwds)
           ^^^^^^^^^^^^^^^^^^^^^^^^^^^^^^^^^^^^^^^^^^^^^^^^^^^^^
  File "/data/data/com.termux/files/usr/lib/python3.13/asyncio/base_events.py", line 1641, in create_server
    raise OSError(err.errno, msg) from None
OSError: [Errno 98] error while attempting to bind on address ('0.0.0.0', 8025): [errno 98] address already in use
2026-07-16 21:53:41,437 [ETK-MAIL] INFO: Loaded 5 emails from inbox
2026-07-16 21:53:41,460 [ETK-MAIL] INFO: Loaded 4 emails from sent
2026-07-16 21:53:41,487 [ETK-MAIL] INFO: ═══════════════════════════════════════════════════
2026-07-16 21:53:41,487 [ETK-MAIL] INFO:   ETK Mail Server v1.0
2026-07-16 21:53:41,487 [ETK-MAIL] INFO:   Domain  : edgetech-knowledgey.fwh.is
2026-07-16 21:53:41,488 [ETK-MAIL] INFO:   Owner   : david@edgetech-knowledgey.fwh.is · Chief Architect
2026-07-16 21:53:41,488 [ETK-MAIL] INFO:   SMTP    : 0.0.0.0:8025
2026-07-16 21:53:41,488 [ETK-MAIL] INFO:   API     : 0.0.0.0:8585
2026-07-16 21:53:41,488 [ETK-MAIL] INFO:   Mailbox : ./etk_mailbox/
2026-07-16 21:53:41,488 [ETK-MAIL] INFO: ═══════════════════════════════════════════════════
2026-07-16 21:53:41,488 [ETK-MAIL] INFO:   ETK Sovereign Mail — running on your device
2026-07-16 21:54:26,955 [ETK-MAIL] INFO: Loaded 5 emails from inbox
2026-07-16 21:54:26,965 [ETK-MAIL] INFO: Loaded 4 emails from sent
Accounts module loaded
Traceback (most recent call last):
  File "/data/data/com.termux/files/home/PhoneServe/etk_mail_server.py", line 420, in <module>
    asyncio.run(main())
    ~~~~~~~~~~~^^^^^^^^
  File "/data/data/com.termux/files/usr/lib/python3.13/asyncio/runners.py", line 195, in run
    return runner.run(main)
           ~~~~~~~~~~^^^^^^
  File "/data/data/com.termux/files/usr/lib/python3.13/asyncio/runners.py", line 118, in run
    return self._loop.run_until_complete(task)
           ~~~~~~~~~~~~~~~~~~~~~~~~~~~~~^^^^^^
  File "/data/data/com.termux/files/usr/lib/python3.13/asyncio/base_events.py", line 725, in run_until_complete
    return future.result()
           ~~~~~~~~~~~~~^^
  File "/data/data/com.termux/files/home/PhoneServe/etk_mail_server.py", line 400, in main
    smtp_server = await asyncio.start_server(smtp_handler, '0.0.0.0', CONFIG['smtp_port'])
                  ^^^^^^^^^^^^^^^^^^^^^^^^^^^^^^^^^^^^^^^^^^^^^^^^^^^^^^^^^^^^^^^^^^^^^^^^
  File "/data/data/com.termux/files/usr/lib/python3.13/asyncio/streams.py", line 84, in start_server
    return await loop.create_server(factory, host, port, **kwds)
           ^^^^^^^^^^^^^^^^^^^^^^^^^^^^^^^^^^^^^^^^^^^^^^^^^^^^^
  File "/data/data/com.termux/files/usr/lib/python3.13/asyncio/base_events.py", line 1641, in create_server
    raise OSError(err.errno, msg) from None
OSError: [Errno 98] error while attempting to bind on address ('0.0.0.0', 8025): [errno 98] address already in use
2026-07-17 19:28:08,233 [ETK-MAIL] INFO: Loaded 5 emails from inbox
2026-07-17 19:28:08,235 [ETK-MAIL] INFO: Loaded 4 emails from sent
2026-07-17 19:28:08,236 [ETK-MAIL] INFO: ═══════════════════════════════════════════════════
2026-07-17 19:28:08,236 [ETK-MAIL] INFO:   ETK Mail Server v1.0
2026-07-17 19:28:08,237 [ETK-MAIL] INFO:   Domain  : edgetech-knowledgey.fwh.is
2026-07-17 19:28:08,237 [ETK-MAIL] INFO:   Owner   : david@edgetech-knowledgey.fwh.is · Chief Architect
2026-07-17 19:28:08,237 [ETK-MAIL] INFO:   SMTP    : 0.0.0.0:8025
2026-07-17 19:28:08,237 [ETK-MAIL] INFO:   API     : 0.0.0.0:8585
2026-07-17 19:28:08,237 [ETK-MAIL] INFO:   Mailbox : ./etk_mailbox/
2026-07-17 19:28:08,237 [ETK-MAIL] INFO: ═══════════════════════════════════════════════════
2026-07-17 19:28:08,237 [ETK-MAIL] INFO:   ETK Sovereign Mail — running on your device
2026-07-17 19:28:10,331 [ETK-MAIL] INFO: Loaded 5 emails from inbox
2026-07-17 19:28:10,332 [ETK-MAIL] INFO: Loaded 4 emails from sent
Accounts module loaded
Traceback (most recent call last):
  File "/data/data/com.termux/files/home/PhoneServe/etk_mail_server.py", line 420, in <module>
    asyncio.run(main())
    ~~~~~~~~~~~^^^^^^^^
  File "/data/data/com.termux/files/usr/lib/python3.13/asyncio/runners.py", line 195, in run
    return runner.run(main)
           ~~~~~~~~~~^^^^^^
  File "/data/data/com.termux/files/usr/lib/python3.13/asyncio/runners.py", line 118, in run
    return self._loop.run_until_complete(task)
           ~~~~~~~~~~~~~~~~~~~~~~~~~~~~~^^^^^^
  File "/data/data/com.termux/files/usr/lib/python3.13/asyncio/base_events.py", line 725, in run_until_complete
    return future.result()
           ~~~~~~~~~~~~~^^
  File "/data/data/com.termux/files/home/PhoneServe/etk_mail_server.py", line 400, in main
    smtp_server = await asyncio.start_server(smtp_handler, '0.0.0.0', CONFIG['smtp_port'])
                  ^^^^^^^^^^^^^^^^^^^^^^^^^^^^^^^^^^^^^^^^^^^^^^^^^^^^^^^^^^^^^^^^^^^^^^^^
  File "/data/data/com.termux/files/usr/lib/python3.13/asyncio/streams.py", line 84, in start_server
    return await loop.create_server(factory, host, port, **kwds)
           ^^^^^^^^^^^^^^^^^^^^^^^^^^^^^^^^^^^^^^^^^^^^^^^^^^^^^
  File "/data/data/com.termux/files/usr/lib/python3.13/asyncio/base_events.py", line 1641, in create_server
    raise OSError(err.errno, msg) from None
OSError: [Errno 98] error while attempting to bind on address ('0.0.0.0', 8025): [errno 98] address already in use
2026-07-19 00:15:06,594 [ETK-MAIL] INFO: Loaded 5 emails from inbox
2026-07-19 00:15:06,595 [ETK-MAIL] INFO: Loaded 4 emails from sent
2026-07-19 00:15:06,596 [ETK-MAIL] INFO: ═══════════════════════════════════════════════════
2026-07-19 00:15:06,597 [ETK-MAIL] INFO:   ETK Mail Server v1.0
2026-07-19 00:15:06,597 [ETK-MAIL] INFO:   Domain  : edgetech-knowledgey.fwh.is
2026-07-19 00:15:06,597 [ETK-MAIL] INFO:   Owner   : david@edgetech-knowledgey.fwh.is · Chief Architect
2026-07-19 00:15:06,597 [ETK-MAIL] INFO:   SMTP    : 0.0.0.0:8025
2026-07-19 00:15:06,597 [ETK-MAIL] INFO:   API     : 0.0.0.0:8585
2026-07-19 00:15:06,597 [ETK-MAIL] INFO:   Mailbox : ./etk_mailbox/
2026-07-19 00:15:06,597 [ETK-MAIL] INFO: ═══════════════════════════════════════════════════
2026-07-19 00:15:06,597 [ETK-MAIL] INFO:   ETK Sovereign Mail — running on your device
2026-07-19 00:15:07,945 [ETK-MAIL] INFO: Loaded 5 emails from inbox
2026-07-19 00:15:07,946 [ETK-MAIL] INFO: Loaded 4 emails from sent
Accounts module loaded
Traceback (most recent call last):
  File "/data/data/com.termux/files/home/PhoneServe/etk_mail_server.py", line 420, in <module>
    asyncio.run(main())
    ~~~~~~~~~~~^^^^^^^^
  File "/data/data/com.termux/files/usr/lib/python3.13/asyncio/runners.py", line 195, in run
    return runner.run(main)
           ~~~~~~~~~~^^^^^^
  File "/data/data/com.termux/files/usr/lib/python3.13/asyncio/runners.py", line 118, in run
    return self._loop.run_until_complete(task)
           ~~~~~~~~~~~~~~~~~~~~~~~~~~~~~^^^^^^
  File "/data/data/com.termux/files/usr/lib/python3.13/asyncio/base_events.py", line 725, in run_until_complete
    return future.result()
           ~~~~~~~~~~~~~^^
  File "/data/data/com.termux/files/home/PhoneServe/etk_mail_server.py", line 400, in main
    smtp_server = await asyncio.start_server(smtp_handler, '0.0.0.0', CONFIG['smtp_port'])
                  ^^^^^^^^^^^^^^^^^^^^^^^^^^^^^^^^^^^^^^^^^^^^^^^^^^^^^^^^^^^^^^^^^^^^^^^^
  File "/data/data/com.termux/files/usr/lib/python3.13/asyncio/streams.py", line 84, in start_server
    return await loop.create_server(factory, host, port, **kwds)
           ^^^^^^^^^^^^^^^^^^^^^^^^^^^^^^^^^^^^^^^^^^^^^^^^^^^^^
  File "/data/data/com.termux/files/usr/lib/python3.13/asyncio/base_events.py", line 1641, in create_server
    raise OSError(err.errno, msg) from None
OSError: [Errno 98] error while attempting to bind on address ('0.0.0.0', 8025): [errno 98] address already in use
2026-07-20 17:26:30,999 [ETK-MAIL] INFO: Loaded 5 emails from inbox
2026-07-20 17:26:31,000 [ETK-MAIL] INFO: Loaded 4 emails from sent
2026-07-20 17:26:31,002 [ETK-MAIL] INFO: ═══════════════════════════════════════════════════
2026-07-20 17:26:31,002 [ETK-MAIL] INFO:   ETK Mail Server v1.0
2026-07-20 17:26:31,002 [ETK-MAIL] INFO:   Domain  : edgetech-knowledgey.fwh.is
2026-07-20 17:26:31,002 [ETK-MAIL] INFO:   Owner   : david@edgetech-knowledgey.fwh.is · Chief Architect
2026-07-20 17:26:31,002 [ETK-MAIL] INFO:   SMTP    : 0.0.0.0:8025
2026-07-20 17:26:31,002 [ETK-MAIL] INFO:   API     : 0.0.0.0:8585
2026-07-20 17:26:31,002 [ETK-MAIL] INFO:   Mailbox : ./etk_mailbox/
2026-07-20 17:26:31,002 [ETK-MAIL] INFO: ═══════════════════════════════════════════════════
2026-07-20 17:26:31,002 [ETK-MAIL] INFO:   ETK Sovereign Mail — running on your device
2026-07-20 17:26:32,966 [ETK-MAIL] INFO: Loaded 5 emails from inbox
2026-07-20 17:26:32,966 [ETK-MAIL] INFO: Loaded 4 emails from sent
Accounts module loaded
Traceback (most recent call last):
  File "/data/data/com.termux/files/home/PhoneServe/etk_mail_server.py", line 420, in <module>
    asyncio.run(main())
    ~~~~~~~~~~~^^^^^^^^
  File "/data/data/com.termux/files/usr/lib/python3.13/asyncio/runners.py", line 195, in run
    return runner.run(main)
           ~~~~~~~~~~^^^^^^
  File "/data/data/com.termux/files/usr/lib/python3.13/asyncio/runners.py", line 118, in run
    return self._loop.run_until_complete(task)
           ~~~~~~~~~~~~~~~~~~~~~~~~~~~~~^^^^^^
  File "/data/data/com.termux/files/usr/lib/python3.13/asyncio/base_events.py", line 725, in run_until_complete
    return future.result()
           ~~~~~~~~~~~~~^^
  File "/data/data/com.termux/files/home/PhoneServe/etk_mail_server.py", line 400, in main
    smtp_server = await asyncio.start_server(smtp_handler, '0.0.0.0', CONFIG['smtp_port'])
                  ^^^^^^^^^^^^^^^^^^^^^^^^^^^^^^^^^^^^^^^^^^^^^^^^^^^^^^^^^^^^^^^^^^^^^^^^
  File "/data/data/com.termux/files/usr/lib/python3.13/asyncio/streams.py", line 84, in start_server
    return await loop.create_server(factory, host, port, **kwds)
           ^^^^^^^^^^^^^^^^^^^^^^^^^^^^^^^^^^^^^^^^^^^^^^^^^^^^^
  File "/data/data/com.termux/files/usr/lib/python3.13/asyncio/base_events.py", line 1641, in create_server
    raise OSError(err.errno, msg) from None
OSError: [Errno 98] error while attempting to bind on address ('0.0.0.0', 8025): [errno 98] address already in use
2026-07-21 00:51:02,316 [ETK-MAIL] INFO: Loaded 5 emails from inbox
2026-07-21 00:51:02,322 [ETK-MAIL] INFO: Loaded 4 emails from sent
2026-07-21 00:51:02,327 [ETK-MAIL] INFO: ═══════════════════════════════════════════════════
2026-07-21 00:51:02,330 [ETK-MAIL] INFO:   ETK Mail Server v1.0
2026-07-21 00:51:02,330 [ETK-MAIL] INFO:   Domain  : edgetech-knowledgey.fwh.is
2026-07-21 00:51:02,331 [ETK-MAIL] INFO:   Owner   : david@edgetech-knowledgey.fwh.is · Chief Architect
2026-07-21 00:51:02,332 [ETK-MAIL] INFO:   SMTP    : 0.0.0.0:8025
2026-07-21 00:51:02,332 [ETK-MAIL] INFO:   API     : 0.0.0.0:8585
2026-07-21 00:51:02,333 [ETK-MAIL] INFO:   Mailbox : ./etk_mailbox/
2026-07-21 00:51:02,333 [ETK-MAIL] INFO: ═══════════════════════════════════════════════════
2026-07-21 00:51:02,333 [ETK-MAIL] INFO:   ETK Sovereign Mail — running on your device
2026-07-21 00:52:05,122 [ETK-MAIL] INFO: Loaded 5 emails from inbox
2026-07-21 00:52:05,127 [ETK-MAIL] INFO: Loaded 4 emails from sent
Accounts module loaded
Traceback (most recent call last):
  File "/data/data/com.termux/files/home/PhoneServe/etk_mail_server.py", line 420, in <module>
    asyncio.run(main())
    ~~~~~~~~~~~^^^^^^^^
  File "/data/data/com.termux/files/usr/lib/python3.13/asyncio/runners.py", line 195, in run
    return runner.run(main)
           ~~~~~~~~~~^^^^^^
  File "/data/data/com.termux/files/usr/lib/python3.13/asyncio/runners.py", line 118, in run
    return self._loop.run_until_complete(task)
           ~~~~~~~~~~~~~~~~~~~~~~~~~~~~~^^^^^^
  File "/data/data/com.termux/files/usr/lib/python3.13/asyncio/base_events.py", line 725, in run_until_complete
    return future.result()
           ~~~~~~~~~~~~~^^
  File "/data/data/com.termux/files/home/PhoneServe/etk_mail_server.py", line 400, in main
    smtp_server = await asyncio.start_server(smtp_handler, '0.0.0.0', CONFIG['smtp_port'])
                  ^^^^^^^^^^^^^^^^^^^^^^^^^^^^^^^^^^^^^^^^^^^^^^^^^^^^^^^^^^^^^^^^^^^^^^^^
  File "/data/data/com.termux/files/usr/lib/python3.13/asyncio/streams.py", line 84, in start_server
    return await loop.create_server(factory, host, port, **kwds)
           ^^^^^^^^^^^^^^^^^^^^^^^^^^^^^^^^^^^^^^^^^^^^^^^^^^^^^
  File "/data/data/com.termux/files/usr/lib/python3.13/asyncio/base_events.py", line 1641, in create_server
    raise OSError(err.errno, msg) from None
OSError: [Errno 98] error while attempting to bind on address ('0.0.0.0', 8025): [errno 98] address already in use
2026-07-21 13:14:55,403 [ETK-MAIL] INFO: Loaded 5 emails from inbox
2026-07-21 13:14:55,404 [ETK-MAIL] INFO: Loaded 4 emails from sent
2026-07-21 13:14:55,413 [ETK-MAIL] INFO: ═══════════════════════════════════════════════════
2026-07-21 13:14:55,413 [ETK-MAIL] INFO:   ETK Mail Server v1.0
2026-07-21 13:14:55,413 [ETK-MAIL] INFO:   Domain  : edgetech-knowledgey.fwh.is
2026-07-21 13:14:55,413 [ETK-MAIL] INFO:   Owner   : david@edgetech-knowledgey.fwh.is · Chief Architect
2026-07-21 13:14:55,413 [ETK-MAIL] INFO:   SMTP    : 0.0.0.0:8025
2026-07-21 13:14:55,413 [ETK-MAIL] INFO:   API     : 0.0.0.0:8585
2026-07-21 13:14:55,413 [ETK-MAIL] INFO:   Mailbox : ./etk_mailbox/
2026-07-21 13:14:55,413 [ETK-MAIL] INFO: ═══════════════════════════════════════════════════
2026-07-21 13:14:55,414 [ETK-MAIL] INFO:   ETK Sovereign Mail — running on your device
2026-07-21 13:14:57,174 [ETK-MAIL] INFO: Loaded 5 emails from inbox
2026-07-21 13:14:57,174 [ETK-MAIL] INFO: Loaded 4 emails from sent
Accounts module loaded
Traceback (most recent call last):
  File "/data/data/com.termux/files/home/PhoneServe/etk_mail_server.py", line 420, in <module>
    asyncio.run(main())
    ~~~~~~~~~~~^^^^^^^^
  File "/data/data/com.termux/files/usr/lib/python3.13/asyncio/runners.py", line 195, in run
    return runner.run(main)
           ~~~~~~~~~~^^^^^^
  File "/data/data/com.termux/files/usr/lib/python3.13/asyncio/runners.py", line 118, in run
    return self._loop.run_until_complete(task)
           ~~~~~~~~~~~~~~~~~~~~~~~~~~~~~^^^^^^
  File "/data/data/com.termux/files/usr/lib/python3.13/asyncio/base_events.py", line 725, in run_until_complete
    return future.result()
           ~~~~~~~~~~~~~^^
  File "/data/data/com.termux/files/home/PhoneServe/etk_mail_server.py", line 400, in main
    smtp_server = await asyncio.start_server(smtp_handler, '0.0.0.0', CONFIG['smtp_port'])
                  ^^^^^^^^^^^^^^^^^^^^^^^^^^^^^^^^^^^^^^^^^^^^^^^^^^^^^^^^^^^^^^^^^^^^^^^^
  File "/data/data/com.termux/files/usr/lib/python3.13/asyncio/streams.py", line 84, in start_server
    return await loop.create_server(factory, host, port, **kwds)
           ^^^^^^^^^^^^^^^^^^^^^^^^^^^^^^^^^^^^^^^^^^^^^^^^^^^^^
  File "/data/data/com.termux/files/usr/lib/python3.13/asyncio/base_events.py", line 1641, in create_server
    raise OSError(err.errno, msg) from None
OSError: [Errno 98] error while attempting to bind on address ('0.0.0.0', 8025): [errno 98] address already in use
2026-07-22 15:52:22,414 [ETK-MAIL] INFO: Loaded 5 emails from inbox
2026-07-22 15:52:22,428 [ETK-MAIL] INFO: Loaded 4 emails from sent
2026-07-22 15:52:22,434 [ETK-MAIL] INFO: ═══════════════════════════════════════════════════
2026-07-22 15:52:22,434 [ETK-MAIL] INFO:   ETK Mail Server v1.0
2026-07-22 15:52:22,434 [ETK-MAIL] INFO:   Domain  : edgetech-knowledgey.fwh.is
2026-07-22 15:52:22,434 [ETK-MAIL] INFO:   Owner   : david@edgetech-knowledgey.fwh.is · Chief Architect
2026-07-22 15:52:22,434 [ETK-MAIL] INFO:   SMTP    : 0.0.0.0:8025
2026-07-22 15:52:22,435 [ETK-MAIL] INFO:   API     : 0.0.0.0:8585
2026-07-22 15:52:22,435 [ETK-MAIL] INFO:   Mailbox : ./etk_mailbox/
2026-07-22 15:52:22,435 [ETK-MAIL] INFO: ═══════════════════════════════════════════════════
2026-07-22 15:52:22,435 [ETK-MAIL] INFO:   ETK Sovereign Mail — running on your device
2026-07-22 15:52:26,978 [ETK-MAIL] INFO: Loaded 5 emails from inbox
2026-07-22 15:52:26,980 [ETK-MAIL] INFO: Loaded 4 emails from sent
Accounts module loaded
Traceback (most recent call last):
  File "/data/data/com.termux/files/home/PhoneServe/etk_mail_server.py", line 420, in <module>
    asyncio.run(main())
    ~~~~~~~~~~~^^^^^^^^
  File "/data/data/com.termux/files/usr/lib/python3.13/asyncio/runners.py", line 195, in run
    return runner.run(main)
           ~~~~~~~~~~^^^^^^
  File "/data/data/com.termux/files/usr/lib/python3.13/asyncio/runners.py", line 118, in run
    return self._loop.run_until_complete(task)
           ~~~~~~~~~~~~~~~~~~~~~~~~~~~~~^^^^^^
  File "/data/data/com.termux/files/usr/lib/python3.13/asyncio/base_events.py", line 725, in run_until_complete
    return future.result()
           ~~~~~~~~~~~~~^^
  File "/data/data/com.termux/files/home/PhoneServe/etk_mail_server.py", line 400, in main
    smtp_server = await asyncio.start_server(smtp_handler, '0.0.0.0', CONFIG['smtp_port'])
                  ^^^^^^^^^^^^^^^^^^^^^^^^^^^^^^^^^^^^^^^^^^^^^^^^^^^^^^^^^^^^^^^^^^^^^^^^
  File "/data/data/com.termux/files/usr/lib/python3.13/asyncio/streams.py", line 84, in start_server
    return await loop.create_server(factory, host, port, **kwds)
           ^^^^^^^^^^^^^^^^^^^^^^^^^^^^^^^^^^^^^^^^^^^^^^^^^^^^^
  File "/data/data/com.termux/files/usr/lib/python3.13/asyncio/base_events.py", line 1641, in create_server
    raise OSError(err.errno, msg) from None
OSError: [Errno 98] error while attempting to bind on address ('0.0.0.0', 8025): [errno 98] address already in use
2026-07-23 02:55:39,461 [ETK-MAIL] INFO: Loaded 5 emails from inbox
2026-07-23 02:55:39,463 [ETK-MAIL] INFO: Loaded 4 emails from sent
2026-07-23 02:55:39,470 [ETK-MAIL] INFO: ═══════════════════════════════════════════════════
2026-07-23 02:55:39,470 [ETK-MAIL] INFO:   ETK Mail Server v1.0
2026-07-23 02:55:39,471 [ETK-MAIL] INFO:   Domain  : edgetech-knowledgey.fwh.is
2026-07-23 02:55:39,471 [ETK-MAIL] INFO:   Owner   : david@edgetech-knowledgey.fwh.is · Chief Architect
2026-07-23 02:55:39,471 [ETK-MAIL] INFO:   SMTP    : 0.0.0.0:8025
2026-07-23 02:55:39,471 [ETK-MAIL] INFO:   API     : 0.0.0.0:8585
2026-07-23 02:55:39,471 [ETK-MAIL] INFO:   Mailbox : ./etk_mailbox/
2026-07-23 02:55:39,471 [ETK-MAIL] INFO: ═══════════════════════════════════════════════════
2026-07-23 02:55:39,471 [ETK-MAIL] INFO:   ETK Sovereign Mail — running on your device
2026-07-23 02:55:41,080 [ETK-MAIL] INFO: Loaded 5 emails from inbox
2026-07-23 02:55:41,080 [ETK-MAIL] INFO: Loaded 4 emails from sent
Accounts module loaded
Traceback (most recent call last):
  File "/data/data/com.termux/files/home/PhoneServe/etk_mail_server.py", line 420, in <module>
    asyncio.run(main())
    ~~~~~~~~~~~^^^^^^^^
  File "/data/data/com.termux/files/usr/lib/python3.13/asyncio/runners.py", line 195, in run
    return runner.run(main)
           ~~~~~~~~~~^^^^^^
  File "/data/data/com.termux/files/usr/lib/python3.13/asyncio/runners.py", line 118, in run
    return self._loop.run_until_complete(task)
           ~~~~~~~~~~~~~~~~~~~~~~~~~~~~~^^^^^^
  File "/data/data/com.termux/files/usr/lib/python3.13/asyncio/base_events.py", line 725, in run_until_complete
    return future.result()
           ~~~~~~~~~~~~~^^
  File "/data/data/com.termux/files/home/PhoneServe/etk_mail_server.py", line 400, in main
    smtp_server = await asyncio.start_server(smtp_handler, '0.0.0.0', CONFIG['smtp_port'])
                  ^^^^^^^^^^^^^^^^^^^^^^^^^^^^^^^^^^^^^^^^^^^^^^^^^^^^^^^^^^^^^^^^^^^^^^^^
  File "/data/data/com.termux/files/usr/lib/python3.13/asyncio/streams.py", line 84, in start_server
    return await loop.create_server(factory, host, port, **kwds)
           ^^^^^^^^^^^^^^^^^^^^^^^^^^^^^^^^^^^^^^^^^^^^^^^^^^^^^
  File "/data/data/com.termux/files/usr/lib/python3.13/asyncio/base_events.py", line 1641, in create_server
    raise OSError(err.errno, msg) from None
OSError: [Errno 98] error while attempting to bind on address ('0.0.0.0', 8025): [errno 98] address already in use
2026-07-24 11:28:23,824 [ETK-MAIL] INFO: Loaded 5 emails from inbox
2026-07-24 11:28:23,900 [ETK-MAIL] INFO: Loaded 4 emails from sent
2026-07-24 11:28:23,967 [ETK-MAIL] INFO: ═══════════════════════════════════════════════════
2026-07-24 11:28:23,967 [ETK-MAIL] INFO:   ETK Mail Server v1.0
2026-07-24 11:28:23,968 [ETK-MAIL] INFO:   Domain  : edgetech-knowledgey.fwh.is
2026-07-24 11:28:23,968 [ETK-MAIL] INFO:   Owner   : david@edgetech-knowledgey.fwh.is · Chief Architect
2026-07-24 11:28:23,968 [ETK-MAIL] INFO:   SMTP    : 0.0.0.0:8025
2026-07-24 11:28:23,968 [ETK-MAIL] INFO:   API     : 0.0.0.0:8585
2026-07-24 11:28:23,968 [ETK-MAIL] INFO:   Mailbox : ./etk_mailbox/
2026-07-24 11:28:23,968 [ETK-MAIL] INFO: ═══════════════════════════════════════════════════
2026-07-24 11:28:23,969 [ETK-MAIL] INFO:   ETK Sovereign Mail — running on your device
2026-07-24 11:29:15,792 [ETK-MAIL] INFO: Loaded 5 emails from inbox
2026-07-24 11:29:15,811 [ETK-MAIL] INFO: Loaded 4 emails from sent
Accounts module loaded
Traceback (most recent call last):
  File "/data/data/com.termux/files/home/PhoneServe/etk_mail_server.py", line 420, in <module>
    asyncio.run(main())
    ~~~~~~~~~~~^^^^^^^^
  File "/data/data/com.termux/files/usr/lib/python3.13/asyncio/runners.py", line 195, in run
    return runner.run(main)
           ~~~~~~~~~~^^^^^^
  File "/data/data/com.termux/files/usr/lib/python3.13/asyncio/runners.py", line 118, in run
    return self._loop.run_until_complete(task)
           ~~~~~~~~~~~~~~~~~~~~~~~~~~~~~^^^^^^
  File "/data/data/com.termux/files/usr/lib/python3.13/asyncio/base_events.py", line 725, in run_until_complete
    return future.result()
           ~~~~~~~~~~~~~^^
  File "/data/data/com.termux/files/home/PhoneServe/etk_mail_server.py", line 400, in main
    smtp_server = await asyncio.start_server(smtp_handler, '0.0.0.0', CONFIG['smtp_port'])
                  ^^^^^^^^^^^^^^^^^^^^^^^^^^^^^^^^^^^^^^^^^^^^^^^^^^^^^^^^^^^^^^^^^^^^^^^^
  File "/data/data/com.termux/files/usr/lib/python3.13/asyncio/streams.py", line 84, in start_server
    return await loop.create_server(factory, host, port, **kwds)
           ^^^^^^^^^^^^^^^^^^^^^^^^^^^^^^^^^^^^^^^^^^^^^^^^^^^^^
  File "/data/data/com.termux/files/usr/lib/python3.13/asyncio/base_events.py", line 1641, in create_server
    raise OSError(err.errno, msg) from None
OSError: [Errno 98] error while attempting to bind on address ('0.0.0.0', 8025): [errno 98] address already in use
2026-07-25 04:45:05,533 [ETK-MAIL] INFO: Loaded 5 emails from inbox
2026-07-25 04:45:05,553 [ETK-MAIL] INFO: Loaded 4 emails from sent
2026-07-25 04:45:05,582 [ETK-MAIL] INFO: ═══════════════════════════════════════════════════
2026-07-25 04:45:05,582 [ETK-MAIL] INFO:   ETK Mail Server v1.0
2026-07-25 04:45:05,582 [ETK-MAIL] INFO:   Domain  : edgetech-knowledgey.fwh.is
2026-07-25 04:45:05,582 [ETK-MAIL] INFO:   Owner   : david@edgetech-knowledgey.fwh.is · Chief Architect
2026-07-25 04:45:05,583 [ETK-MAIL] INFO:   SMTP    : 0.0.0.0:8025
2026-07-25 04:45:05,583 [ETK-MAIL] INFO:   API     : 0.0.0.0:8585
2026-07-25 04:45:05,583 [ETK-MAIL] INFO:   Mailbox : ./etk_mailbox/
2026-07-25 04:45:05,583 [ETK-MAIL] INFO: ═══════════════════════════════════════════════════
2026-07-25 04:45:05,583 [ETK-MAIL] INFO:   ETK Sovereign Mail — running on your device
2026-07-25 04:45:31,759 [ETK-MAIL] INFO: Loaded 5 emails from inbox
2026-07-25 04:45:31,768 [ETK-MAIL] INFO: Loaded 4 emails from sent
Accounts module loaded
Traceback (most recent call last):
  File "/data/data/com.termux/files/home/PhoneServe/etk_mail_server.py", line 420, in <module>
    asyncio.run(main())
    ~~~~~~~~~~~^^^^^^^^
  File "/data/data/com.termux/files/usr/lib/python3.13/asyncio/runners.py", line 195, in run
    return runner.run(main)
           ~~~~~~~~~~^^^^^^
  File "/data/data/com.termux/files/usr/lib/python3.13/asyncio/runners.py", line 118, in run
    return self._loop.run_until_complete(task)
           ~~~~~~~~~~~~~~~~~~~~~~~~~~~~~^^^^^^
  File "/data/data/com.termux/files/usr/lib/python3.13/asyncio/base_events.py", line 725, in run_until_complete
    return future.result()
           ~~~~~~~~~~~~~^^
  File "/data/data/com.termux/files/home/PhoneServe/etk_mail_server.py", line 400, in main
    smtp_server = await asyncio.start_server(smtp_handler, '0.0.0.0', CONFIG['smtp_port'])
                  ^^^^^^^^^^^^^^^^^^^^^^^^^^^^^^^^^^^^^^^^^^^^^^^^^^^^^^^^^^^^^^^^^^^^^^^^
  File "/data/data/com.termux/files/usr/lib/python3.13/asyncio/streams.py", line 84, in start_server
    return await loop.create_server(factory, host, port, **kwds)
           ^^^^^^^^^^^^^^^^^^^^^^^^^^^^^^^^^^^^^^^^^^^^^^^^^^^^^
  File "/data/data/com.termux/files/usr/lib/python3.13/asyncio/base_events.py", line 1641, in create_server
    raise OSError(err.errno, msg) from None
OSError: [Errno 98] error while attempting to bind on address ('0.0.0.0', 8025): [errno 98] address already in use
2026-07-26 01:52:13,871 [ETK-MAIL] INFO: Loaded 5 emails from inbox
2026-07-26 01:52:13,872 [ETK-MAIL] INFO: Loaded 4 emails from sent
2026-07-26 01:52:13,874 [ETK-MAIL] INFO: ═══════════════════════════════════════════════════
2026-07-26 01:52:13,874 [ETK-MAIL] INFO:   ETK Mail Server v1.0
2026-07-26 01:52:13,874 [ETK-MAIL] INFO:   Domain  : edgetech-knowledgey.fwh.is
2026-07-26 01:52:13,874 [ETK-MAIL] INFO:   Owner   : david@edgetech-knowledgey.fwh.is · Chief Architect
2026-07-26 01:52:13,874 [ETK-MAIL] INFO:   SMTP    : 0.0.0.0:8025
2026-07-26 01:52:13,874 [ETK-MAIL] INFO:   API     : 0.0.0.0:8585
2026-07-26 01:52:13,874 [ETK-MAIL] INFO:   Mailbox : ./etk_mailbox/
2026-07-26 01:52:13,874 [ETK-MAIL] INFO: ═══════════════════════════════════════════════════
2026-07-26 01:52:13,874 [ETK-MAIL] INFO:   ETK Sovereign Mail — running on your device
2026-07-26 01:52:16,178 [ETK-MAIL] INFO: Loaded 5 emails from inbox
2026-07-26 01:52:16,179 [ETK-MAIL] INFO: Loaded 4 emails from sent
Accounts module loaded
Traceback (most recent call last):
  File "/data/data/com.termux/files/home/PhoneServe/etk_mail_server.py", line 420, in <module>
    asyncio.run(main())
    ~~~~~~~~~~~^^^^^^^^
  File "/data/data/com.termux/files/usr/lib/python3.13/asyncio/runners.py", line 195, in run
    return runner.run(main)
           ~~~~~~~~~~^^^^^^
  File "/data/data/com.termux/files/usr/lib/python3.13/asyncio/runners.py", line 118, in run
    return self._loop.run_until_complete(task)
           ~~~~~~~~~~~~~~~~~~~~~~~~~~~~~^^^^^^
  File "/data/data/com.termux/files/usr/lib/python3.13/asyncio/base_events.py", line 725, in run_until_complete
    return future.result()
           ~~~~~~~~~~~~~^^
  File "/data/data/com.termux/files/home/PhoneServe/etk_mail_server.py", line 400, in main
    smtp_server = await asyncio.start_server(smtp_handler, '0.0.0.0', CONFIG['smtp_port'])
                  ^^^^^^^^^^^^^^^^^^^^^^^^^^^^^^^^^^^^^^^^^^^^^^^^^^^^^^^^^^^^^^^^^^^^^^^^
  File "/data/data/com.termux/files/usr/lib/python3.13/asyncio/streams.py", line 84, in start_server
    return await loop.create_server(factory, host, port, **kwds)
           ^^^^^^^^^^^^^^^^^^^^^^^^^^^^^^^^^^^^^^^^^^^^^^^^^^^^^
  File "/data/data/com.termux/files/usr/lib/python3.13/asyncio/base_events.py", line 1641, in create_server
    raise OSError(err.errno, msg) from None
OSError: [Errno 98] error while attempting to bind on address ('0.0.0.0', 8025): [errno 98] address already in use
2026-07-26 07:01:12,678 [ETK-MAIL] INFO: Loaded 5 emails from inbox
2026-07-26 07:01:12,684 [ETK-MAIL] INFO: Loaded 4 emails from sent
2026-07-26 07:01:12,688 [ETK-MAIL] INFO: ═══════════════════════════════════════════════════
2026-07-26 07:01:12,688 [ETK-MAIL] INFO:   ETK Mail Server v1.0
2026-07-26 07:01:12,688 [ETK-MAIL] INFO:   Domain  : edgetech-knowledgey.fwh.is
2026-07-26 07:01:12,688 [ETK-MAIL] INFO:   Owner   : david@edgetech-knowledgey.fwh.is · Chief Architect
2026-07-26 07:01:12,688 [ETK-MAIL] INFO:   SMTP    : 0.0.0.0:8025
2026-07-26 07:01:12,688 [ETK-MAIL] INFO:   API     : 0.0.0.0:8585
2026-07-26 07:01:12,688 [ETK-MAIL] INFO:   Mailbox : ./etk_mailbox/
2026-07-26 07:01:12,688 [ETK-MAIL] INFO: ═══════════════════════════════════════════════════
2026-07-26 07:01:12,688 [ETK-MAIL] INFO:   ETK Sovereign Mail — running on your device
2026-07-26 07:01:16,813 [ETK-MAIL] INFO: Loaded 5 emails from inbox
2026-07-26 07:01:16,819 [ETK-MAIL] INFO: Loaded 4 emails from sent
Accounts module loaded
Traceback (most recent call last):
  File "/data/data/com.termux/files/home/PhoneServe/etk_mail_server.py", line 420, in <module>
    asyncio.run(main())
    ~~~~~~~~~~~^^^^^^^^
  File "/data/data/com.termux/files/usr/lib/python3.13/asyncio/runners.py", line 195, in run
    return runner.run(main)
           ~~~~~~~~~~^^^^^^
  File "/data/data/com.termux/files/usr/lib/python3.13/asyncio/runners.py", line 118, in run
    return self._loop.run_until_complete(task)
           ~~~~~~~~~~~~~~~~~~~~~~~~~~~~~^^^^^^
  File "/data/data/com.termux/files/usr/lib/python3.13/asyncio/base_events.py", line 725, in run_until_complete
    return future.result()
           ~~~~~~~~~~~~~^^
  File "/data/data/com.termux/files/home/PhoneServe/etk_mail_server.py", line 400, in main
    smtp_server = await asyncio.start_server(smtp_handler, '0.0.0.0', CONFIG['smtp_port'])
                  ^^^^^^^^^^^^^^^^^^^^^^^^^^^^^^^^^^^^^^^^^^^^^^^^^^^^^^^^^^^^^^^^^^^^^^^^
  File "/data/data/com.termux/files/usr/lib/python3.13/asyncio/streams.py", line 84, in start_server
    return await loop.create_server(factory, host, port, **kwds)
           ^^^^^^^^^^^^^^^^^^^^^^^^^^^^^^^^^^^^^^^^^^^^^^^^^^^^^
  File "/data/data/com.termux/files/usr/lib/python3.13/asyncio/base_events.py", line 1641, in create_server
    raise OSError(err.errno, msg) from None
OSError: [Errno 98] error while attempting to bind on address ('0.0.0.0', 8025): [errno 98] address already in use
2026-07-28 02:58:11,277 [ETK-MAIL] INFO: Loaded 5 emails from inbox
2026-07-28 02:58:11,279 [ETK-MAIL] INFO: Loaded 4 emails from sent
2026-07-28 02:58:11,286 [ETK-MAIL] INFO: ═══════════════════════════════════════════════════
2026-07-28 02:58:11,286 [ETK-MAIL] INFO:   ETK Mail Server v1.0
2026-07-28 02:58:11,286 [ETK-MAIL] INFO:   Domain  : edgetech-knowledgey.fwh.is
2026-07-28 02:58:11,287 [ETK-MAIL] INFO:   Owner   : david@edgetech-knowledgey.fwh.is · Chief Architect
2026-07-28 02:58:11,287 [ETK-MAIL] INFO:   SMTP    : 0.0.0.0:8025
2026-07-28 02:58:11,287 [ETK-MAIL] INFO:   API     : 0.0.0.0:8585
2026-07-28 02:58:11,287 [ETK-MAIL] INFO:   Mailbox : ./etk_mailbox/
2026-07-28 02:58:11,287 [ETK-MAIL] INFO: ═══════════════════════════════════════════════════
2026-07-28 02:58:11,287 [ETK-MAIL] INFO:   ETK Sovereign Mail — running on your device
2026-07-28 02:58:23,918 [ETK-MAIL] INFO: Loaded 5 emails from inbox
2026-07-28 02:58:23,923 [ETK-MAIL] INFO: Loaded 4 emails from sent
Accounts module loaded
Traceback (most recent call last):
  File "/data/data/com.termux/files/home/PhoneServe/etk_mail_server.py", line 420, in <module>
    asyncio.run(main())
    ~~~~~~~~~~~^^^^^^^^
  File "/data/data/com.termux/files/usr/lib/python3.13/asyncio/runners.py", line 195, in run
    return runner.run(main)
           ~~~~~~~~~~^^^^^^
  File "/data/data/com.termux/files/usr/lib/python3.13/asyncio/runners.py", line 118, in run
    return self._loop.run_until_complete(task)
           ~~~~~~~~~~~~~~~~~~~~~~~~~~~~~^^^^^^
  File "/data/data/com.termux/files/usr/lib/python3.13/asyncio/base_events.py", line 725, in run_until_complete
    return future.result()
           ~~~~~~~~~~~~~^^
  File "/data/data/com.termux/files/home/PhoneServe/etk_mail_server.py", line 400, in main
    smtp_server = await asyncio.start_server(smtp_handler, '0.0.0.0', CONFIG['smtp_port'])
                  ^^^^^^^^^^^^^^^^^^^^^^^^^^^^^^^^^^^^^^^^^^^^^^^^^^^^^^^^^^^^^^^^^^^^^^^^
  File "/data/data/com.termux/files/usr/lib/python3.13/asyncio/streams.py", line 84, in start_server
    return await loop.create_server(factory, host, port, **kwds)
           ^^^^^^^^^^^^^^^^^^^^^^^^^^^^^^^^^^^^^^^^^^^^^^^^^^^^^
  File "/data/data/com.termux/files/usr/lib/python3.13/asyncio/base_events.py", line 1641, in create_server
    raise OSError(err.errno, msg) from None
OSError: [Errno 98] error while attempting to bind on address ('0.0.0.0', 8025): [errno 98] address already in use
2026-07-29 01:54:12,336 [ETK-MAIL] INFO: Loaded 5 emails from inbox
2026-07-29 01:54:12,337 [ETK-MAIL] INFO: Loaded 4 emails from sent
2026-07-29 01:54:12,340 [ETK-MAIL] INFO: ═══════════════════════════════════════════════════
2026-07-29 01:54:12,340 [ETK-MAIL] INFO:   ETK Mail Server v1.0
2026-07-29 01:54:12,340 [ETK-MAIL] INFO:   Domain  : edgetech-knowledgey.fwh.is
2026-07-29 01:54:12,340 [ETK-MAIL] INFO:   Owner   : david@edgetech-knowledgey.fwh.is · Chief Architect
2026-07-29 01:54:12,340 [ETK-MAIL] INFO:   SMTP    : 0.0.0.0:8025
2026-07-29 01:54:12,340 [ETK-MAIL] INFO:   API     : 0.0.0.0:8585
2026-07-29 01:54:12,340 [ETK-MAIL] INFO:   Mailbox : ./etk_mailbox/
2026-07-29 01:54:12,340 [ETK-MAIL] INFO: ═══════════════════════════════════════════════════
2026-07-29 01:54:12,340 [ETK-MAIL] INFO:   ETK Sovereign Mail — running on your device
2026-07-29 01:54:13,643 [ETK-MAIL] INFO: Loaded 5 emails from inbox
2026-07-29 01:54:13,643 [ETK-MAIL] INFO: Loaded 4 emails from sent
Accounts module loaded
Traceback (most recent call last):
  File "/data/data/com.termux/files/home/PhoneServe/etk_mail_server.py", line 420, in <module>
    asyncio.run(main())
    ~~~~~~~~~~~^^^^^^^^
  File "/data/data/com.termux/files/usr/lib/python3.13/asyncio/runners.py", line 195, in run
    return runner.run(main)
           ~~~~~~~~~~^^^^^^
  File "/data/data/com.termux/files/usr/lib/python3.13/asyncio/runners.py", line 118, in run
    return self._loop.run_until_complete(task)
           ~~~~~~~~~~~~~~~~~~~~~~~~~~~~~^^^^^^
  File "/data/data/com.termux/files/usr/lib/python3.13/asyncio/base_events.py", line 725, in run_until_complete
    return future.result()
           ~~~~~~~~~~~~~^^
  File "/data/data/com.termux/files/home/PhoneServe/etk_mail_server.py", line 400, in main
    smtp_server = await asyncio.start_server(smtp_handler, '0.0.0.0', CONFIG['smtp_port'])
                  ^^^^^^^^^^^^^^^^^^^^^^^^^^^^^^^^^^^^^^^^^^^^^^^^^^^^^^^^^^^^^^^^^^^^^^^^
  File "/data/data/com.termux/files/usr/lib/python3.13/asyncio/streams.py", line 84, in start_server
    return await loop.create_server(factory, host, port, **kwds)
           ^^^^^^^^^^^^^^^^^^^^^^^^^^^^^^^^^^^^^^^^^^^^^^^^^^^^^
  File "/data/data/com.termux/files/usr/lib/python3.13/asyncio/base_events.py", line 1641, in create_server
    raise OSError(err.errno, msg) from None
OSError: [Errno 98] error while attempting to bind on address ('0.0.0.0', 8025): [errno 98] address already in use
2026-07-29 18:27:55,266 [ETK-MAIL] INFO: Loaded 5 emails from inbox
2026-07-29 18:27:55,267 [ETK-MAIL] INFO: Loaded 4 emails from sent
2026-07-29 18:27:55,269 [ETK-MAIL] INFO: ═══════════════════════════════════════════════════
2026-07-29 18:27:55,269 [ETK-MAIL] INFO:   ETK Mail Server v1.0
2026-07-29 18:27:55,269 [ETK-MAIL] INFO:   Domain  : edgetech-knowledgey.fwh.is
2026-07-29 18:27:55,269 [ETK-MAIL] INFO:   Owner   : david@edgetech-knowledgey.fwh.is · Chief Architect
2026-07-29 18:27:55,269 [ETK-MAIL] INFO:   SMTP    : 0.0.0.0:8025
2026-07-29 18:27:55,269 [ETK-MAIL] INFO:   API     : 0.0.0.0:8585
2026-07-29 18:27:55,269 [ETK-MAIL] INFO:   Mailbox : ./etk_mailbox/
2026-07-29 18:27:55,269 [ETK-MAIL] INFO: ═══════════════════════════════════════════════════
2026-07-29 18:27:55,269 [ETK-MAIL] INFO:   ETK Sovereign Mail — running on your device
2026-07-29 18:27:56,688 [ETK-MAIL] INFO: Loaded 5 emails from inbox
2026-07-29 18:27:56,688 [ETK-MAIL] INFO: Loaded 4 emails from sent
Accounts module loaded
Traceback (most recent call last):
  File "/data/data/com.termux/files/home/PhoneServe/etk_mail_server.py", line 420, in <module>
    asyncio.run(main())
    ~~~~~~~~~~~^^^^^^^^
  File "/data/data/com.termux/files/usr/lib/python3.13/asyncio/runners.py", line 195, in run
    return runner.run(main)
           ~~~~~~~~~~^^^^^^
  File "/data/data/com.termux/files/usr/lib/python3.13/asyncio/runners.py", line 118, in run
    return self._loop.run_until_complete(task)
           ~~~~~~~~~~~~~~~~~~~~~~~~~~~~~^^^^^^
  File "/data/data/com.termux/files/usr/lib/python3.13/asyncio/base_events.py", line 725, in run_until_complete
    return future.result()
           ~~~~~~~~~~~~~^^
  File "/data/data/com.termux/files/home/PhoneServe/etk_mail_server.py", line 400, in main
    smtp_server = await asyncio.start_server(smtp_handler, '0.0.0.0', CONFIG['smtp_port'])
                  ^^^^^^^^^^^^^^^^^^^^^^^^^^^^^^^^^^^^^^^^^^^^^^^^^^^^^^^^^^^^^^^^^^^^^^^^
  File "/data/data/com.termux/files/usr/lib/python3.13/asyncio/streams.py", line 84, in start_server
    return await loop.create_server(factory, host, port, **kwds)
           ^^^^^^^^^^^^^^^^^^^^^^^^^^^^^^^^^^^^^^^^^^^^^^^^^^^^^
  File "/data/data/com.termux/files/usr/lib/python3.13/asyncio/base_events.py", line 1641, in create_server
    raise OSError(err.errno, msg) from None
OSError: [Errno 98] error while attempting to bind on address ('0.0.0.0', 8025): [errno 98] address already in use
2026-07-30 04:23:30,107 [ETK-MAIL] INFO: Loaded 5 emails from inbox
2026-07-30 04:23:30,108 [ETK-MAIL] INFO: Loaded 4 emails from sent
2026-07-30 04:23:30,109 [ETK-MAIL] INFO: ═══════════════════════════════════════════════════
2026-07-30 04:23:30,109 [ETK-MAIL] INFO:   ETK Mail Server v1.0
2026-07-30 04:23:30,109 [ETK-MAIL] INFO:   Domain  : edgetech-knowledgey.fwh.is
2026-07-30 04:23:30,109 [ETK-MAIL] INFO:   Owner   : david@edgetech-knowledgey.fwh.is · Chief Architect
2026-07-30 04:23:30,109 [ETK-MAIL] INFO:   SMTP    : 0.0.0.0:8025
2026-07-30 04:23:30,109 [ETK-MAIL] INFO:   API     : 0.0.0.0:8585
2026-07-30 04:23:30,109 [ETK-MAIL] INFO:   Mailbox : ./etk_mailbox/
2026-07-30 04:23:30,109 [ETK-MAIL] INFO: ═══════════════════════════════════════════════════
2026-07-30 04:23:30,109 [ETK-MAIL] INFO:   ETK Sovereign Mail — running on your device
2026-07-30 04:23:31,253 [ETK-MAIL] INFO: Loaded 5 emails from inbox
2026-07-30 04:23:31,253 [ETK-MAIL] INFO: Loaded 4 emails from sent
Accounts module loaded
Traceback (most recent call last):
  File "/data/data/com.termux/files/home/PhoneServe/etk_mail_server.py", line 420, in <module>
    asyncio.run(main())
    ~~~~~~~~~~~^^^^^^^^
  File "/data/data/com.termux/files/usr/lib/python3.13/asyncio/runners.py", line 195, in run
    return runner.run(main)
           ~~~~~~~~~~^^^^^^
  File "/data/data/com.termux/files/usr/lib/python3.13/asyncio/runners.py", line 118, in run
    return self._loop.run_until_complete(task)
           ~~~~~~~~~~~~~~~~~~~~~~~~~~~~~^^^^^^
  File "/data/data/com.termux/files/usr/lib/python3.13/asyncio/base_events.py", line 725, in run_until_complete
    return future.result()
           ~~~~~~~~~~~~~^^
  File "/data/data/com.termux/files/home/PhoneServe/etk_mail_server.py", line 400, in main
    smtp_server = await asyncio.start_server(smtp_handler, '0.0.0.0', CONFIG['smtp_port'])
                  ^^^^^^^^^^^^^^^^^^^^^^^^^^^^^^^^^^^^^^^^^^^^^^^^^^^^^^^^^^^^^^^^^^^^^^^^
  File "/data/data/com.termux/files/usr/lib/python3.13/asyncio/streams.py", line 84, in start_server
    return await loop.create_server(factory, host, port, **kwds)
           ^^^^^^^^^^^^^^^^^^^^^^^^^^^^^^^^^^^^^^^^^^^^^^^^^^^^^
  File "/data/data/com.termux/files/usr/lib/python3.13/asyncio/base_events.py", line 1641, in create_server
    raise OSError(err.errno, msg) from None
OSError: [Errno 98] error while attempting to bind on address ('0.0.0.0', 8025): [errno 98] address already in use
2026-07-30 23:54:28,657 [ETK-MAIL] INFO: Loaded 5 emails from inbox
2026-07-30 23:54:28,663 [ETK-MAIL] INFO: Loaded 4 emails from sent
2026-07-30 23:54:28,664 [ETK-MAIL] INFO: ═══════════════════════════════════════════════════
2026-07-30 23:54:28,664 [ETK-MAIL] INFO:   ETK Mail Server v1.0
2026-07-30 23:54:28,664 [ETK-MAIL] INFO:   Domain  : edgetech-knowledgey.fwh.is
2026-07-30 23:54:28,664 [ETK-MAIL] INFO:   Owner   : david@edgetech-knowledgey.fwh.is · Chief Architect
2026-07-30 23:54:28,664 [ETK-MAIL] INFO:   SMTP    : 0.0.0.0:8025
2026-07-30 23:54:28,664 [ETK-MAIL] INFO:   API     : 0.0.0.0:8585
2026-07-30 23:54:28,664 [ETK-MAIL] INFO:   Mailbox : ./etk_mailbox/
2026-07-30 23:54:28,664 [ETK-MAIL] INFO: ═══════════════════════════════════════════════════
2026-07-30 23:54:28,664 [ETK-MAIL] INFO:   ETK Sovereign Mail — running on your device
2026-07-30 23:54:30,625 [ETK-MAIL] INFO: Loaded 5 emails from inbox
2026-07-30 23:54:30,625 [ETK-MAIL] INFO: Loaded 4 emails from sent
Accounts module loaded
Traceback (most recent call last):
  File "/data/data/com.termux/files/home/PhoneServe/etk_mail_server.py", line 420, in <module>
    asyncio.run(main())
    ~~~~~~~~~~~^^^^^^^^
  File "/data/data/com.termux/files/usr/lib/python3.13/asyncio/runners.py", line 195, in run
    return runner.run(main)
           ~~~~~~~~~~^^^^^^
  File "/data/data/com.termux/files/usr/lib/python3.13/asyncio/runners.py", line 118, in run
    return self._loop.run_until_complete(task)
           ~~~~~~~~~~~~~~~~~~~~~~~~~~~~~^^^^^^
  File "/data/data/com.termux/files/usr/lib/python3.13/asyncio/base_events.py", line 725, in run_until_complete
    return future.result()
           ~~~~~~~~~~~~~^^
  File "/data/data/com.termux/files/home/PhoneServe/etk_mail_server.py", line 400, in main
    smtp_server = await asyncio.start_server(smtp_handler, '0.0.0.0', CONFIG['smtp_port'])
                  ^^^^^^^^^^^^^^^^^^^^^^^^^^^^^^^^^^^^^^^^^^^^^^^^^^^^^^^^^^^^^^^^^^^^^^^^
  File "/data/data/com.termux/files/usr/lib/python3.13/asyncio/streams.py", line 84, in start_server
    return await loop.create_server(factory, host, port, **kwds)
           ^^^^^^^^^^^^^^^^^^^^^^^^^^^^^^^^^^^^^^^^^^^^^^^^^^^^^
  File "/data/data/com.termux/files/usr/lib/python3.13/asyncio/base_events.py", line 1641, in create_server
    raise OSError(err.errno, msg) from None
OSError: [Errno 98] error while attempting to bind on address ('0.0.0.0', 8025): [errno 98] address already in use
2026-07-31 23:21:38,518 [ETK-MAIL] INFO: Loaded 5 emails from inbox
2026-07-31 23:21:38,522 [ETK-MAIL] INFO: Loaded 4 emails from sent
2026-07-31 23:21:38,524 [ETK-MAIL] INFO: ═══════════════════════════════════════════════════
2026-07-31 23:21:38,524 [ETK-MAIL] INFO:   ETK Mail Server v1.0
2026-07-31 23:21:38,524 [ETK-MAIL] INFO:   Domain  : edgetech-knowledgey.fwh.is
2026-07-31 23:21:38,524 [ETK-MAIL] INFO:   Owner   : david@edgetech-knowledgey.fwh.is · Chief Architect
2026-07-31 23:21:38,524 [ETK-MAIL] INFO:   SMTP    : 0.0.0.0:8025
2026-07-31 23:21:38,524 [ETK-MAIL] INFO:   API     : 0.0.0.0:8585
2026-07-31 23:21:38,524 [ETK-MAIL] INFO:   Mailbox : ./etk_mailbox/
2026-07-31 23:21:38,524 [ETK-MAIL] INFO: ═══════════════════════════════════════════════════
2026-07-31 23:21:38,524 [ETK-MAIL] INFO:   ETK Sovereign Mail — running on your device
2026-07-31 23:21:41,489 [ETK-MAIL] INFO: Loaded 5 emails from inbox
2026-07-31 23:21:41,491 [ETK-MAIL] INFO: Loaded 4 emails from sent
Accounts module loaded
Traceback (most recent call last):
  File "/data/data/com.termux/files/home/PhoneServe/etk_mail_server.py", line 420, in <module>
    asyncio.run(main())
    ~~~~~~~~~~~^^^^^^^^
  File "/data/data/com.termux/files/usr/lib/python3.13/asyncio/runners.py", line 195, in run
    return runner.run(main)
           ~~~~~~~~~~^^^^^^
  File "/data/data/com.termux/files/usr/lib/python3.13/asyncio/runners.py", line 118, in run
    return self._loop.run_until_complete(task)
           ~~~~~~~~~~~~~~~~~~~~~~~~~~~~~^^^^^^
  File "/data/data/com.termux/files/usr/lib/python3.13/asyncio/base_events.py", line 725, in run_until_complete
    return future.result()
           ~~~~~~~~~~~~~^^
  File "/data/data/com.termux/files/home/PhoneServe/etk_mail_server.py", line 400, in main
    smtp_server = await asyncio.start_server(smtp_handler, '0.0.0.0', CONFIG['smtp_port'])
                  ^^^^^^^^^^^^^^^^^^^^^^^^^^^^^^^^^^^^^^^^^^^^^^^^^^^^^^^^^^^^^^^^^^^^^^^^
  File "/data/data/com.termux/files/usr/lib/python3.13/asyncio/streams.py", line 84, in start_server
    return await loop.create_server(factory, host, port, **kwds)
           ^^^^^^^^^^^^^^^^^^^^^^^^^^^^^^^^^^^^^^^^^^^^^^^^^^^^^
  File "/data/data/com.termux/files/usr/lib/python3.13/asyncio/base_events.py", line 1641, in create_server
    raise OSError(err.errno, msg) from None
OSError: [Errno 98] error while attempting to bind on address ('0.0.0.0', 8025): [errno 98] address already in use
2026-08-01 18:22:22,235 [ETK-MAIL] INFO: Loaded 5 emails from inbox
2026-08-01 18:22:22,237 [ETK-MAIL] INFO: Loaded 4 emails from sent
2026-08-01 18:22:22,239 [ETK-MAIL] INFO: ═══════════════════════════════════════════════════
2026-08-01 18:22:22,239 [ETK-MAIL] INFO:   ETK Mail Server v1.0
2026-08-01 18:22:22,239 [ETK-MAIL] INFO:   Domain  : edgetech-knowledgey.fwh.is
2026-08-01 18:22:22,239 [ETK-MAIL] INFO:   Owner   : david@edgetech-knowledgey.fwh.is · Chief Architect
2026-08-01 18:22:22,239 [ETK-MAIL] INFO:   SMTP    : 0.0.0.0:8025
2026-08-01 18:22:22,239 [ETK-MAIL] INFO:   API     : 0.0.0.0:8585
2026-08-01 18:22:22,239 [ETK-MAIL] INFO:   Mailbox : ./etk_mailbox/
2026-08-01 18:22:22,239 [ETK-MAIL] INFO: ═══════════════════════════════════════════════════
2026-08-01 18:22:22,239 [ETK-MAIL] INFO:   ETK Sovereign Mail — running on your device
2026-08-01 18:22:24,412 [ETK-MAIL] INFO: Loaded 5 emails from inbox
2026-08-01 18:22:24,412 [ETK-MAIL] INFO: Loaded 4 emails from sent
Accounts module loaded
Traceback (most recent call last):
  File "/data/data/com.termux/files/home/PhoneServe/etk_mail_server.py", line 420, in <module>
    asyncio.run(main())
    ~~~~~~~~~~~^^^^^^^^
  File "/data/data/com.termux/files/usr/lib/python3.13/asyncio/runners.py", line 195, in run
    return runner.run(main)
           ~~~~~~~~~~^^^^^^
  File "/data/data/com.termux/files/usr/lib/python3.13/asyncio/runners.py", line 118, in run
    return self._loop.run_until_complete(task)
           ~~~~~~~~~~~~~~~~~~~~~~~~~~~~~^^^^^^
  File "/data/data/com.termux/files/usr/lib/python3.13/asyncio/base_events.py", line 725, in run_until_complete
    return future.result()
           ~~~~~~~~~~~~~^^
  File "/data/data/com.termux/files/home/PhoneServe/etk_mail_server.py", line 400, in main
    smtp_server = await asyncio.start_server(smtp_handler, '0.0.0.0', CONFIG['smtp_port'])
                  ^^^^^^^^^^^^^^^^^^^^^^^^^^^^^^^^^^^^^^^^^^^^^^^^^^^^^^^^^^^^^^^^^^^^^^^^
  File "/data/data/com.termux/files/usr/lib/python3.13/asyncio/streams.py", line 84, in start_server
    return await loop.create_server(factory, host, port, **kwds)
           ^^^^^^^^^^^^^^^^^^^^^^^^^^^^^^^^^^^^^^^^^^^^^^^^^^^^^
  File "/data/data/com.termux/files/usr/lib/python3.13/asyncio/base_events.py", line 1641, in create_server
    raise OSError(err.errno, msg) from None
OSError: [Errno 98] error while attempting to bind on address ('0.0.0.0', 8025): [errno 98] address already in use
2026-08-02 23:57:08,536 [ETK-MAIL] INFO: Loaded 5 emails from inbox
2026-08-02 23:57:08,566 [ETK-MAIL] INFO: Loaded 4 emails from sent
2026-08-02 23:57:08,572 [ETK-MAIL] INFO: ═══════════════════════════════════════════════════
2026-08-02 23:57:08,572 [ETK-MAIL] INFO:   ETK Mail Server v1.0
2026-08-02 23:57:08,616 [ETK-MAIL] INFO:   Domain  : edgetech-knowledgey.fwh.is
2026-08-02 23:57:08,617 [ETK-MAIL] INFO:   Owner   : david@edgetech-knowledgey.fwh.is · Chief Architect
2026-08-02 23:57:08,617 [ETK-MAIL] INFO:   SMTP    : 0.0.0.0:8025
2026-08-02 23:57:08,617 [ETK-MAIL] INFO:   API     : 0.0.0.0:8585
2026-08-02 23:57:08,617 [ETK-MAIL] INFO:   Mailbox : ./etk_mailbox/
2026-08-02 23:57:08,617 [ETK-MAIL] INFO: ═══════════════════════════════════════════════════
2026-08-02 23:57:08,618 [ETK-MAIL] INFO:   ETK Sovereign Mail — running on your device
2026-08-02 23:57:32,419 [ETK-MAIL] INFO: Loaded 5 emails from inbox
2026-08-02 23:57:32,433 [ETK-MAIL] INFO: Loaded 4 emails from sent
Accounts module loaded
Traceback (most recent call last):
  File "/data/data/com.termux/files/home/PhoneServe/etk_mail_server.py", line 420, in <module>
    asyncio.run(main())
    ~~~~~~~~~~~^^^^^^^^
  File "/data/data/com.termux/files/usr/lib/python3.13/asyncio/runners.py", line 195, in run
    return runner.run(main)
           ~~~~~~~~~~^^^^^^
  File "/data/data/com.termux/files/usr/lib/python3.13/asyncio/runners.py", line 118, in run
    return self._loop.run_until_complete(task)
           ~~~~~~~~~~~~~~~~~~~~~~~~~~~~~^^^^^^
  File "/data/data/com.termux/files/usr/lib/python3.13/asyncio/base_events.py", line 725, in run_until_complete
    return future.result()
           ~~~~~~~~~~~~~^^
  File "/data/data/com.termux/files/home/PhoneServe/etk_mail_server.py", line 400, in main
    smtp_server = await asyncio.start_server(smtp_handler, '0.0.0.0', CONFIG['smtp_port'])
                  ^^^^^^^^^^^^^^^^^^^^^^^^^^^^^^^^^^^^^^^^^^^^^^^^^^^^^^^^^^^^^^^^^^^^^^^^
  File "/data/data/com.termux/files/usr/lib/python3.13/asyncio/streams.py", line 84, in start_server
    return await loop.create_server(factory, host, port, **kwds)
           ^^^^^^^^^^^^^^^^^^^^^^^^^^^^^^^^^^^^^^^^^^^^^^^^^^^^^
  File "/data/data/com.termux/files/usr/lib/python3.13/asyncio/base_events.py", line 1641, in create_server
    raise OSError(err.errno, msg) from None
OSError: [Errno 98] error while attempting to bind on address ('0.0.0.0', 8025): [errno 98] address already in use
2026-08-14 00:56:08,362 [ETK-MAIL] INFO: Loaded 5 emails from inbox
2026-08-14 00:56:08,364 [ETK-MAIL] INFO: Loaded 4 emails from sent
2026-08-14 00:56:09,954 [ETK-MAIL] INFO: Loaded 5 emails from inbox
2026-08-14 00:56:09,955 [ETK-MAIL] INFO: Loaded 4 emails from sent
2026-08-14 00:56:09,959 [ETK-MAIL] INFO: ═══════════════════════════════════════════════════
2026-08-14 00:56:09,959 [ETK-MAIL] INFO:   ETK Mail Server v1.0
2026-08-14 00:56:09,959 [ETK-MAIL] INFO:   Domain  : edgetech-knowledgey.fwh.is
2026-08-14 00:56:09,960 [ETK-MAIL] INFO:   Owner   : david@edgetech-knowledgey.fwh.is · Chief Architect
2026-08-14 00:56:09,960 [ETK-MAIL] INFO:   SMTP    : 0.0.0.0:8025
2026-08-14 00:56:09,960 [ETK-MAIL] INFO:   API     : 0.0.0.0:8585
2026-08-14 00:56:09,961 [ETK-MAIL] INFO:   Mailbox : ./etk_mailbox/
2026-08-14 00:56:09,961 [ETK-MAIL] INFO: ═══════════════════════════════════════════════════
2026-08-14 00:56:09,961 [ETK-MAIL] INFO:   ETK Sovereign Mail — running on your device
2026-08-16 14:37:25,836 [ETK-MAIL] INFO: Loaded 5 emails from inbox
2026-08-16 14:37:25,840 [ETK-MAIL] INFO: Loaded 4 emails from sent
2026-08-16 14:37:25,844 [ETK-MAIL] INFO: ═══════════════════════════════════════════════════
2026-08-16 14:37:25,844 [ETK-MAIL] INFO:   ETK Mail Server v1.0
2026-08-16 14:37:25,844 [ETK-MAIL] INFO:   Domain  : edgetech-knowledgey.fwh.is
2026-08-16 14:37:25,844 [ETK-MAIL] INFO:   Owner   : david@edgetech-knowledgey.fwh.is · Chief Architect
2026-08-16 14:37:25,844 [ETK-MAIL] INFO:   SMTP    : 0.0.0.0:8025
2026-08-16 14:37:25,844 [ETK-MAIL] INFO:   API     : 0.0.0.0:8585
2026-08-16 14:37:25,844 [ETK-MAIL] INFO:   Mailbox : ./etk_mailbox/
2026-08-16 14:37:25,844 [ETK-MAIL] INFO: ═══════════════════════════════════════════════════
2026-08-16 14:37:25,844 [ETK-MAIL] INFO:   ETK Sovereign Mail — running on your device
2026-08-16 14:37:34,057 [ETK-MAIL] INFO: Loaded 5 emails from inbox
2026-08-16 14:37:34,058 [ETK-MAIL] INFO: Loaded 4 emails from sent
2026-08-16 14:37:34,063 [ETK-MAIL] INFO: ═══════════════════════════════════════════════════
2026-08-16 14:37:34,063 [ETK-MAIL] INFO:   ETK Mail Server v1.0
2026-08-16 14:37:34,063 [ETK-MAIL] INFO:   Domain  : edgetech-knowledgey.fwh.is
2026-08-16 14:37:34,063 [ETK-MAIL] INFO:   Owner   : david@edgetech-knowledgey.fwh.is · Chief Architect
2026-08-16 14:37:34,063 [ETK-MAIL] INFO:   SMTP    : 0.0.0.0:8025
2026-08-16 14:37:34,063 [ETK-MAIL] INFO:   API     : 0.0.0.0:8585
2026-08-16 14:37:34,063 [ETK-MAIL] INFO:   Mailbox : ./etk_mailbox/
2026-08-16 14:37:34,063 [ETK-MAIL] INFO: ═══════════════════════════════════════════════════
2026-08-16 14:37:34,063 [ETK-MAIL] INFO:   ETK Sovereign Mail — running on your device
2026-08-17 16:41:10,583 [ETK-MAIL] INFO: Loaded 5 emails from inbox
2026-08-17 16:41:10,587 [ETK-MAIL] INFO: Loaded 4 emails from sent
2026-08-17 16:41:10,588 [ETK-MAIL] INFO: ═══════════════════════════════════════════════════
2026-08-17 16:41:10,588 [ETK-MAIL] INFO:   ETK Mail Server v1.0
2026-08-17 16:41:10,589 [ETK-MAIL] INFO:   Domain  : edgetech-knowledgey.fwh.is
2026-08-17 16:41:10,589 [ETK-MAIL] INFO:   Owner   : david@edgetech-knowledgey.fwh.is · Chief Architect
2026-08-17 16:41:10,589 [ETK-MAIL] INFO:   SMTP    : 0.0.0.0:8025
2026-08-17 16:41:10,589 [ETK-MAIL] INFO:   API     : 0.0.0.0:8585
2026-08-17 16:41:10,589 [ETK-MAIL] INFO:   Mailbox : ./etk_mailbox/
2026-08-17 16:41:10,589 [ETK-MAIL] INFO: ═══════════════════════════════════════════════════
2026-08-17 16:41:10,589 [ETK-MAIL] INFO:   ETK Sovereign Mail — running on your device
2026-08-17 16:41:17,984 [ETK-MAIL] INFO: Loaded 5 emails from inbox
2026-08-17 16:41:17,984 [ETK-MAIL] INFO: Loaded 4 emails from sent
2026-08-17 16:41:17,986 [ETK-MAIL] INFO: ═══════════════════════════════════════════════════
2026-08-17 16:41:17,986 [ETK-MAIL] INFO:   ETK Mail Server v1.0
2026-08-17 16:41:17,986 [ETK-MAIL] INFO:   Domain  : edgetech-knowledgey.fwh.is
2026-08-17 16:41:17,986 [ETK-MAIL] INFO:   Owner   : david@edgetech-knowledgey.fwh.is · Chief Architect
2026-08-17 16:41:17,986 [ETK-MAIL] INFO:   SMTP    : 0.0.0.0:8025
2026-08-17 16:41:17,986 [ETK-MAIL] INFO:   API     : 0.0.0.0:8585
2026-08-17 16:41:17,987 [ETK-MAIL] INFO:   Mailbox : ./etk_mailbox/
2026-08-17 16:41:17,987 [ETK-MAIL] INFO: ═══════════════════════════════════════════════════
2026-08-17 16:41:17,987 [ETK-MAIL] INFO:   ETK Sovereign Mail — running on your device
2026-08-17 17:08:09,363 [ETK-MAIL] INFO: Loaded 5 emails from inbox
2026-08-17 17:08:09,369 [ETK-MAIL] INFO: Loaded 4 emails from sent
2026-08-17 17:08:09,374 [ETK-MAIL] INFO: ═══════════════════════════════════════════════════
2026-08-17 17:08:09,374 [ETK-MAIL] INFO:   ETK Mail Server v1.0
2026-08-17 17:08:09,374 [ETK-MAIL] INFO:   Domain  : edgetech-knowledgey.fwh.is
2026-08-17 17:08:09,374 [ETK-MAIL] INFO:   Owner   : david@edgetech-knowledgey.fwh.is · Chief Architect
2026-08-17 17:08:09,374 [ETK-MAIL] INFO:   SMTP    : 0.0.0.0:8025
2026-08-17 17:08:09,374 [ETK-MAIL] INFO:   API     : 0.0.0.0:8585
2026-08-17 17:08:09,374 [ETK-MAIL] INFO:   Mailbox : ./etk_mailbox/
2026-08-17 17:08:09,375 [ETK-MAIL] INFO: ═══════════════════════════════════════════════════
2026-08-17 17:08:09,375 [ETK-MAIL] INFO:   ETK Sovereign Mail — running on your device
2026-08-17 17:08:18,161 [ETK-MAIL] INFO: Loaded 5 emails from inbox
2026-08-17 17:08:18,161 [ETK-MAIL] INFO: Loaded 4 emails from sent
2026-08-17 17:08:18,166 [ETK-MAIL] INFO: ═══════════════════════════════════════════════════
2026-08-17 17:08:18,166 [ETK-MAIL] INFO:   ETK Mail Server v1.0
2026-08-17 17:08:18,167 [ETK-MAIL] INFO:   Domain  : edgetech-knowledgey.fwh.is
2026-08-17 17:08:18,167 [ETK-MAIL] INFO:   Owner   : david@edgetech-knowledgey.fwh.is · Chief Architect
2026-08-17 17:08:18,167 [ETK-MAIL] INFO:   SMTP    : 0.0.0.0:8025
2026-08-17 17:08:18,167 [ETK-MAIL] INFO:   API     : 0.0.0.0:8585
2026-08-17 17:08:18,167 [ETK-MAIL] INFO:   Mailbox : ./etk_mailbox/
2026-08-17 17:08:18,167 [ETK-MAIL] INFO: ═══════════════════════════════════════════════════
2026-08-17 17:08:18,167 [ETK-MAIL] INFO:   ETK Sovereign Mail — running on your device
2026-08-18 14:34:05,092 [ETK-MAIL] INFO: Loaded 5 emails from inbox
2026-08-18 14:34:05,094 [ETK-MAIL] INFO: Loaded 4 emails from sent
2026-08-18 14:34:05,097 [ETK-MAIL] INFO: ═══════════════════════════════════════════════════
2026-08-18 14:34:05,097 [ETK-MAIL] INFO:   ETK Mail Server v1.0
2026-08-18 14:34:05,098 [ETK-MAIL] INFO:   Domain  : edgetech-knowledgey.fwh.is
2026-08-18 14:34:05,098 [ETK-MAIL] INFO:   Owner   : david@edgetech-knowledgey.fwh.is · Chief Architect
2026-08-18 14:34:05,098 [ETK-MAIL] INFO:   SMTP    : 0.0.0.0:8025
2026-08-18 14:34:05,098 [ETK-MAIL] INFO:   API     : 0.0.0.0:8585
2026-08-18 14:34:05,098 [ETK-MAIL] INFO:   Mailbox : ./etk_mailbox/
2026-08-18 14:34:05,098 [ETK-MAIL] INFO: ═══════════════════════════════════════════════════
2026-08-18 14:34:05,098 [ETK-MAIL] INFO:   ETK Sovereign Mail — running on your device
2026-08-18 14:34:13,005 [ETK-MAIL] INFO: Loaded 5 emails from inbox
2026-08-18 14:34:13,006 [ETK-MAIL] INFO: Loaded 4 emails from sent
2026-08-18 14:34:13,010 [ETK-MAIL] INFO: ═══════════════════════════════════════════════════
2026-08-18 14:34:13,010 [ETK-MAIL] INFO:   ETK Mail Server v1.0
2026-08-18 14:34:13,010 [ETK-MAIL] INFO:   Domain  : edgetech-knowledgey.fwh.is
2026-08-18 14:34:13,010 [ETK-MAIL] INFO:   Owner   : david@edgetech-knowledgey.fwh.is · Chief Architect
2026-08-18 14:34:13,010 [ETK-MAIL] INFO:   SMTP    : 0.0.0.0:8025
2026-08-18 14:34:13,010 [ETK-MAIL] INFO:   API     : 0.0.0.0:8585
2026-08-18 14:34:13,010 [ETK-MAIL] INFO:   Mailbox : ./etk_mailbox/
2026-08-18 14:34:13,010 [ETK-MAIL] INFO: ═══════════════════════════════════════════════════
2026-08-18 14:34:13,010 [ETK-MAIL] INFO:   ETK Sovereign Mail — running on your device
2026-08-18 23:25:41,168 [ETK-MAIL] INFO: Loaded 5 emails from inbox
2026-08-18 23:25:41,171 [ETK-MAIL] INFO: Loaded 4 emails from sent
2026-08-18 23:25:41,176 [ETK-MAIL] INFO: ═══════════════════════════════════════════════════
2026-08-18 23:25:41,176 [ETK-MAIL] INFO:   ETK Mail Server v1.0
2026-08-18 23:25:41,176 [ETK-MAIL] INFO:   Domain  : edgetech-knowledgey.fwh.is
2026-08-18 23:25:41,176 [ETK-MAIL] INFO:   Owner   : david@edgetech-knowledgey.fwh.is · Chief Architect
2026-08-18 23:25:41,176 [ETK-MAIL] INFO:   SMTP    : 0.0.0.0:8025
2026-08-18 23:25:41,176 [ETK-MAIL] INFO:   API     : 0.0.0.0:8585
2026-08-18 23:25:41,176 [ETK-MAIL] INFO:   Mailbox : ./etk_mailbox/
2026-08-18 23:25:41,176 [ETK-MAIL] INFO: ═══════════════════════════════════════════════════
2026-08-18 23:25:41,176 [ETK-MAIL] INFO:   ETK Sovereign Mail — running on your device
2026-08-18 23:25:48,165 [ETK-MAIL] INFO: Loaded 5 emails from inbox
2026-08-18 23:25:48,166 [ETK-MAIL] INFO: Loaded 4 emails from sent
2026-08-18 23:25:48,177 [ETK-MAIL] INFO: ═══════════════════════════════════════════════════
2026-08-18 23:25:48,177 [ETK-MAIL] INFO:   ETK Mail Server v1.0
2026-08-18 23:25:48,177 [ETK-MAIL] INFO:   Domain  : edgetech-knowledgey.fwh.is
2026-08-18 23:25:48,177 [ETK-MAIL] INFO:   Owner   : david@edgetech-knowledgey.fwh.is · Chief Architect
2026-08-18 23:25:48,177 [ETK-MAIL] INFO:   SMTP    : 0.0.0.0:8025
2026-08-18 23:25:48,177 [ETK-MAIL] INFO:   API     : 0.0.0.0:8585
2026-08-18 23:25:48,177 [ETK-MAIL] INFO:   Mailbox : ./etk_mailbox/
2026-08-18 23:25:48,177 [ETK-MAIL] INFO: ═══════════════════════════════════════════════════
2026-08-18 23:25:48,177 [ETK-MAIL] INFO:   ETK Sovereign Mail — running on your device
2026-08-19 01:04:40,883 [ETK-MAIL] INFO: Loaded 5 emails from inbox
2026-08-19 01:04:40,886 [ETK-MAIL] INFO: Loaded 4 emails from sent
2026-08-19 01:04:40,892 [ETK-MAIL] INFO: ═══════════════════════════════════════════════════
2026-08-19 01:04:40,894 [ETK-MAIL] INFO:   ETK Mail Server v1.0
2026-08-19 01:04:40,894 [ETK-MAIL] INFO:   Domain  : edgetech-knowledgey.fwh.is
2026-08-19 01:04:40,894 [ETK-MAIL] INFO:   Owner   : david@edgetech-knowledgey.fwh.is · Chief Architect
2026-08-19 01:04:40,894 [ETK-MAIL] INFO:   SMTP    : 0.0.0.0:8025
2026-08-19 01:04:40,894 [ETK-MAIL] INFO:   API     : 0.0.0.0:8585
2026-08-19 01:04:40,895 [ETK-MAIL] INFO:   Mailbox : ./etk_mailbox/
2026-08-19 01:04:40,895 [ETK-MAIL] INFO: ═══════════════════════════════════════════════════
2026-08-19 01:04:40,895 [ETK-MAIL] INFO:   ETK Sovereign Mail — running on your device
2026-08-19 01:04:54,195 [ETK-MAIL] INFO: Loaded 5 emails from inbox
2026-08-19 01:04:54,201 [ETK-MAIL] INFO: Loaded 4 emails from sent
2026-08-19 01:04:54,216 [ETK-MAIL] INFO: ═══════════════════════════════════════════════════
2026-08-19 01:04:54,216 [ETK-MAIL] INFO:   ETK Mail Server v1.0
2026-08-19 01:04:54,216 [ETK-MAIL] INFO:   Domain  : edgetech-knowledgey.fwh.is
2026-08-19 01:04:54,216 [ETK-MAIL] INFO:   Owner   : david@edgetech-knowledgey.fwh.is · Chief Architect
2026-08-19 01:04:54,216 [ETK-MAIL] INFO:   SMTP    : 0.0.0.0:8025
2026-08-19 01:04:54,216 [ETK-MAIL] INFO:   API     : 0.0.0.0:8585
2026-08-19 01:04:54,216 [ETK-MAIL] INFO:   Mailbox : ./etk_mailbox/
2026-08-19 01:04:54,216 [ETK-MAIL] INFO: ═══════════════════════════════════════════════════
2026-08-19 01:04:54,216 [ETK-MAIL] INFO:   ETK Sovereign Mail — running on your device
2026-08-19 22:04:55,886 [ETK-MAIL] INFO: Loaded 5 emails from inbox
2026-08-19 22:04:55,889 [ETK-MAIL] INFO: Loaded 4 emails from sent
2026-08-19 22:04:55,896 [ETK-MAIL] INFO: ═══════════════════════════════════════════════════
2026-08-19 22:04:55,897 [ETK-MAIL] INFO:   ETK Mail Server v1.0
2026-08-19 22:04:55,898 [ETK-MAIL] INFO:   Domain  : edgetech-knowledgey.fwh.is
2026-08-19 22:04:55,898 [ETK-MAIL] INFO:   Owner   : david@edgetech-knowledgey.fwh.is · Chief Architect
2026-08-19 22:04:55,898 [ETK-MAIL] INFO:   SMTP    : 0.0.0.0:8025
2026-08-19 22:04:55,899 [ETK-MAIL] INFO:   API     : 0.0.0.0:8585
2026-08-19 22:04:55,899 [ETK-MAIL] INFO:   Mailbox : ./etk_mailbox/
2026-08-19 22:04:55,900 [ETK-MAIL] INFO: ═══════════════════════════════════════════════════
2026-08-19 22:04:55,900 [ETK-MAIL] INFO:   ETK Sovereign Mail — running on your device
2026-08-19 22:05:05,748 [ETK-MAIL] INFO: Loaded 5 emails from inbox
2026-08-19 22:05:05,749 [ETK-MAIL] INFO: Loaded 4 emails from sent
2026-08-19 22:05:05,750 [ETK-MAIL] INFO: ═══════════════════════════════════════════════════
2026-08-19 22:05:05,750 [ETK-MAIL] INFO:   ETK Mail Server v1.0
2026-08-19 22:05:05,750 [ETK-MAIL] INFO:   Domain  : edgetech-knowledgey.fwh.is
2026-08-19 22:05:05,750 [ETK-MAIL] INFO:   Owner   : david@edgetech-knowledgey.fwh.is · Chief Architect
2026-08-19 22:05:05,750 [ETK-MAIL] INFO:   SMTP    : 0.0.0.0:8025
2026-08-19 22:05:05,751 [ETK-MAIL] INFO:   API     : 0.0.0.0:8585
2026-08-19 22:05:05,751 [ETK-MAIL] INFO:   Mailbox : ./etk_mailbox/
2026-08-19 22:05:05,751 [ETK-MAIL] INFO: ═══════════════════════════════════════════════════
2026-08-19 22:05:05,751 [ETK-MAIL] INFO:   ETK Sovereign Mail — running on your device
2026-08-20 17:20:27,316 [ETK-MAIL] INFO: Loaded 5 emails from inbox
2026-08-20 17:20:27,410 [ETK-MAIL] INFO: Loaded 4 emails from sent
2026-08-20 17:20:27,414 [ETK-MAIL] INFO: ═══════════════════════════════════════════════════
2026-08-20 17:20:27,487 [ETK-MAIL] INFO:   ETK Mail Server v1.0
2026-08-20 17:20:27,487 [ETK-MAIL] INFO:   Domain  : edgetech-knowledgey.fwh.is
2026-08-20 17:20:27,488 [ETK-MAIL] INFO:   Owner   : david@edgetech-knowledgey.fwh.is · Chief Architect
2026-08-20 17:20:27,488 [ETK-MAIL] INFO:   SMTP    : 0.0.0.0:8025
2026-08-20 17:20:27,488 [ETK-MAIL] INFO:   API     : 0.0.0.0:8585
2026-08-20 17:20:27,488 [ETK-MAIL] INFO:   Mailbox : ./etk_mailbox/
2026-08-20 17:20:27,488 [ETK-MAIL] INFO: ═══════════════════════════════════════════════════
2026-08-20 17:20:27,488 [ETK-MAIL] INFO:   ETK Sovereign Mail — running on your device
2026-08-20 17:21:51,323 [ETK-MAIL] INFO: Loaded 5 emails from inbox
2026-08-20 17:21:51,328 [ETK-MAIL] INFO: Loaded 4 emails from sent
2026-08-20 17:21:51,339 [ETK-MAIL] INFO: ═══════════════════════════════════════════════════
2026-08-20 17:21:51,339 [ETK-MAIL] INFO:   ETK Mail Server v1.0
2026-08-20 17:21:51,339 [ETK-MAIL] INFO:   Domain  : edgetech-knowledgey.fwh.is
2026-08-20 17:21:51,339 [ETK-MAIL] INFO:   Owner   : david@edgetech-knowledgey.fwh.is · Chief Architect
2026-08-20 17:21:51,340 [ETK-MAIL] INFO:   SMTP    : 0.0.0.0:8025
2026-08-20 17:21:51,340 [ETK-MAIL] INFO:   API     : 0.0.0.0:8585
2026-08-20 17:21:51,340 [ETK-MAIL] INFO:   Mailbox : ./etk_mailbox/
2026-08-20 17:21:51,340 [ETK-MAIL] INFO: ═══════════════════════════════════════════════════
2026-08-20 17:21:51,340 [ETK-MAIL] INFO:   ETK Sovereign Mail — running on your device
2026-08-24 11:46:23,084 [ETK-MAIL] INFO: Loaded 5 emails from inbox
2026-08-24 11:46:23,096 [ETK-MAIL] INFO: Loaded 4 emails from sent
2026-08-24 11:46:23,110 [ETK-MAIL] INFO: ═══════════════════════════════════════════════════
2026-08-24 11:46:23,110 [ETK-MAIL] INFO:   ETK Mail Server v1.0
2026-08-24 11:46:23,110 [ETK-MAIL] INFO:   Domain  : edgetech-knowledgey.fwh.is
2026-08-24 11:46:23,131 [ETK-MAIL] INFO:   Owner   : david@edgetech-knowledgey.fwh.is · Chief Architect
2026-08-24 11:46:23,132 [ETK-MAIL] INFO:   SMTP    : 0.0.0.0:8025
2026-08-24 11:46:23,132 [ETK-MAIL] INFO:   API     : 0.0.0.0:8585
2026-08-24 11:46:23,132 [ETK-MAIL] INFO:   Mailbox : ./etk_mailbox/
2026-08-24 11:46:23,132 [ETK-MAIL] INFO: ═══════════════════════════════════════════════════
2026-08-24 11:46:23,133 [ETK-MAIL] INFO:   ETK Sovereign Mail — running on your device
2026-08-24 11:46:44,632 [ETK-MAIL] INFO: Loaded 5 emails from inbox
2026-08-24 11:46:44,636 [ETK-MAIL] INFO: Loaded 4 emails from sent
2026-08-24 11:46:44,657 [ETK-MAIL] INFO: ═══════════════════════════════════════════════════
2026-08-24 11:46:44,657 [ETK-MAIL] INFO:   ETK Mail Server v1.0
2026-08-24 11:46:44,657 [ETK-MAIL] INFO:   Domain  : edgetech-knowledgey.fwh.is
2026-08-24 11:46:44,657 [ETK-MAIL] INFO:   Owner   : david@edgetech-knowledgey.fwh.is · Chief Architect
2026-08-24 11:46:44,657 [ETK-MAIL] INFO:   SMTP    : 0.0.0.0:8025
2026-08-24 11:46:44,658 [ETK-MAIL] INFO:   API     : 0.0.0.0:8585
2026-08-24 11:46:44,658 [ETK-MAIL] INFO:   Mailbox : ./etk_mailbox/
2026-08-24 11:46:44,658 [ETK-MAIL] INFO: ═══════════════════════════════════════════════════
2026-08-24 11:46:44,658 [ETK-MAIL] INFO:   ETK Sovereign Mail — running on your device
2026-08-24 12:34:57,181 [ETK-MAIL] INFO: Loaded 5 emails from inbox
2026-08-24 12:34:57,185 [ETK-MAIL] INFO: Loaded 4 emails from sent
2026-08-24 12:34:57,188 [ETK-MAIL] INFO: ═══════════════════════════════════════════════════
2026-08-24 12:34:57,188 [ETK-MAIL] INFO:   ETK Mail Server v1.0
2026-08-24 12:34:57,189 [ETK-MAIL] INFO:   Domain  : edgetech-knowledgey.fwh.is
2026-08-24 12:34:57,189 [ETK-MAIL] INFO:   Owner   : david@edgetech-knowledgey.fwh.is · Chief Architect
2026-08-24 12:34:57,189 [ETK-MAIL] INFO:   SMTP    : 0.0.0.0:8025
2026-08-24 12:34:57,189 [ETK-MAIL] INFO:   API     : 0.0.0.0:8585
2026-08-24 12:34:57,189 [ETK-MAIL] INFO:   Mailbox : ./etk_mailbox/
2026-08-24 12:34:57,189 [ETK-MAIL] INFO: ═══════════════════════════════════════════════════
2026-08-24 12:34:57,189 [ETK-MAIL] INFO:   ETK Sovereign Mail — running on your device
2026-08-24 12:35:03,578 [ETK-MAIL] INFO: Loaded 5 emails from inbox
2026-08-24 12:35:03,579 [ETK-MAIL] INFO: Loaded 4 emails from sent
2026-08-24 12:35:03,581 [ETK-MAIL] INFO: ═══════════════════════════════════════════════════
2026-08-24 12:35:03,581 [ETK-MAIL] INFO:   ETK Mail Server v1.0
2026-08-24 12:35:03,581 [ETK-MAIL] INFO:   Domain  : edgetech-knowledgey.fwh.is
2026-08-24 12:35:03,582 [ETK-MAIL] INFO:   Owner   : david@edgetech-knowledgey.fwh.is · Chief Architect
2026-08-24 12:35:03,582 [ETK-MAIL] INFO:   SMTP    : 0.0.0.0:8025
2026-08-24 12:35:03,582 [ETK-MAIL] INFO:   API     : 0.0.0.0:8585
2026-08-24 12:35:03,582 [ETK-MAIL] INFO:   Mailbox : ./etk_mailbox/
2026-08-24 12:35:03,582 [ETK-MAIL] INFO: ═══════════════════════════════════════════════════
2026-08-24 12:35:03,582 [ETK-MAIL] INFO:   ETK Sovereign Mail — running on your device
2026-08-24 16:12:26,680 [ETK-MAIL] INFO: Loaded 5 emails from inbox
2026-08-24 16:12:26,719 [ETK-MAIL] INFO: Loaded 4 emails from sent
2026-08-24 16:12:26,731 [ETK-MAIL] INFO: ═══════════════════════════════════════════════════
2026-08-24 16:12:26,731 [ETK-MAIL] INFO:   ETK Mail Server v1.0
2026-08-24 16:12:26,732 [ETK-MAIL] INFO:   Domain  : edgetech-knowledgey.fwh.is
2026-08-24 16:12:26,732 [ETK-MAIL] INFO:   Owner   : david@edgetech-knowledgey.fwh.is · Chief Architect
2026-08-24 16:12:26,732 [ETK-MAIL] INFO:   SMTP    : 0.0.0.0:8025
2026-08-24 16:12:26,732 [ETK-MAIL] INFO:   API     : 0.0.0.0:8585
2026-08-24 16:12:26,732 [ETK-MAIL] INFO:   Mailbox : ./etk_mailbox/
2026-08-24 16:12:26,732 [ETK-MAIL] INFO: ═══════════════════════════════════════════════════
2026-08-24 16:12:26,733 [ETK-MAIL] INFO:   ETK Sovereign Mail — running on your device
2026-08-24 16:12:54,425 [ETK-MAIL] INFO: Loaded 5 emails from inbox
2026-08-24 16:12:54,437 [ETK-MAIL] INFO: Loaded 4 emails from sent
2026-08-24 16:12:54,449 [ETK-MAIL] INFO: ═══════════════════════════════════════════════════
2026-08-24 16:12:54,453 [ETK-MAIL] INFO:   ETK Mail Server v1.0
2026-08-24 16:12:54,453 [ETK-MAIL] INFO:   Domain  : edgetech-knowledgey.fwh.is
2026-08-24 16:12:54,453 [ETK-MAIL] INFO:   Owner   : david@edgetech-knowledgey.fwh.is · Chief Architect
2026-08-24 16:12:54,454 [ETK-MAIL] INFO:   SMTP    : 0.0.0.0:8025
2026-08-24 16:12:54,454 [ETK-MAIL] INFO:   API     : 0.0.0.0:8585
2026-08-24 16:12:54,454 [ETK-MAIL] INFO:   Mailbox : ./etk_mailbox/
2026-08-24 16:12:54,454 [ETK-MAIL] INFO: ═══════════════════════════════════════════════════
2026-08-24 16:12:54,454 [ETK-MAIL] INFO:   ETK Sovereign Mail — running on your device
2026-08-24 22:36:22,870 [ETK-MAIL] INFO: Loaded 5 emails from inbox
2026-08-24 22:36:22,879 [ETK-MAIL] INFO: Loaded 4 emails from sent
2026-08-24 22:36:22,881 [ETK-MAIL] INFO: ═══════════════════════════════════════════════════
2026-08-24 22:36:22,881 [ETK-MAIL] INFO:   ETK Mail Server v1.0
2026-08-24 22:36:22,881 [ETK-MAIL] INFO:   Domain  : edgetech-knowledgey.fwh.is
2026-08-24 22:36:22,881 [ETK-MAIL] INFO:   Owner   : david@edgetech-knowledgey.fwh.is · Chief Architect
2026-08-24 22:36:22,881 [ETK-MAIL] INFO:   SMTP    : 0.0.0.0:8025
2026-08-24 22:36:22,881 [ETK-MAIL] INFO:   API     : 0.0.0.0:8585
2026-08-24 22:36:22,881 [ETK-MAIL] INFO:   Mailbox : ./etk_mailbox/
2026-08-24 22:36:22,881 [ETK-MAIL] INFO: ═══════════════════════════════════════════════════
2026-08-24 22:36:22,882 [ETK-MAIL] INFO:   ETK Sovereign Mail — running on your device
2026-08-24 22:36:31,208 [ETK-MAIL] INFO: Loaded 5 emails from inbox
2026-08-24 22:36:31,209 [ETK-MAIL] INFO: Loaded 4 emails from sent
2026-08-24 22:36:31,214 [ETK-MAIL] INFO: ═══════════════════════════════════════════════════
2026-08-24 22:36:31,214 [ETK-MAIL] INFO:   ETK Mail Server v1.0
2026-08-24 22:36:31,214 [ETK-MAIL] INFO:   Domain  : edgetech-knowledgey.fwh.is
2026-08-24 22:36:31,214 [ETK-MAIL] INFO:   Owner   : david@edgetech-knowledgey.fwh.is · Chief Architect
2026-08-24 22:36:31,214 [ETK-MAIL] INFO:   SMTP    : 0.0.0.0:8025
2026-08-24 22:36:31,215 [ETK-MAIL] INFO:   API     : 0.0.0.0:8585
2026-08-24 22:36:31,215 [ETK-MAIL] INFO:   Mailbox : ./etk_mailbox/
2026-08-24 22:36:31,215 [ETK-MAIL] INFO: ═══════════════════════════════════════════════════
2026-08-24 22:36:31,215 [ETK-MAIL] INFO:   ETK Sovereign Mail — running on your device
2026-08-25 05:46:34,951 [ETK-MAIL] INFO: Loaded 5 emails from inbox
2026-08-25 05:46:34,952 [ETK-MAIL] INFO: Loaded 4 emails from sent
2026-08-25 05:46:34,953 [ETK-MAIL] INFO: ═══════════════════════════════════════════════════
2026-08-25 05:46:34,953 [ETK-MAIL] INFO:   ETK Mail Server v1.0
2026-08-25 05:46:34,953 [ETK-MAIL] INFO:   Domain  : edgetech-knowledgey.fwh.is
2026-08-25 05:46:34,954 [ETK-MAIL] INFO:   Owner   : david@edgetech-knowledgey.fwh.is · Chief Architect
2026-08-25 05:46:34,954 [ETK-MAIL] INFO:   SMTP    : 0.0.0.0:8025
2026-08-25 05:46:34,954 [ETK-MAIL] INFO:   API     : 0.0.0.0:8585
2026-08-25 05:46:34,954 [ETK-MAIL] INFO:   Mailbox : ./etk_mailbox/
2026-08-25 05:46:34,954 [ETK-MAIL] INFO: ═══════════════════════════════════════════════════
2026-08-25 05:46:34,954 [ETK-MAIL] INFO:   ETK Sovereign Mail — running on your device
2026-08-25 05:46:40,444 [ETK-MAIL] INFO: Loaded 5 emails from inbox
2026-08-25 05:46:40,445 [ETK-MAIL] INFO: Loaded 4 emails from sent
2026-08-25 05:46:40,447 [ETK-MAIL] INFO: ═══════════════════════════════════════════════════
2026-08-25 05:46:40,447 [ETK-MAIL] INFO:   ETK Mail Server v1.0
2026-08-25 05:46:40,447 [ETK-MAIL] INFO:   Domain  : edgetech-knowledgey.fwh.is
2026-08-25 05:46:40,447 [ETK-MAIL] INFO:   Owner   : david@edgetech-knowledgey.fwh.is · Chief Architect
2026-08-25 05:46:40,448 [ETK-MAIL] INFO:   SMTP    : 0.0.0.0:8025
2026-08-25 05:46:40,448 [ETK-MAIL] INFO:   API     : 0.0.0.0:8585
2026-08-25 05:46:40,448 [ETK-MAIL] INFO:   Mailbox : ./etk_mailbox/
2026-08-25 05:46:40,448 [ETK-MAIL] INFO: ═══════════════════════════════════════════════════
2026-08-25 05:46:40,448 [ETK-MAIL] INFO:   ETK Sovereign Mail — running on your device
2026-08-26 01:04:58,016 [ETK-MAIL] INFO: Loaded 5 emails from inbox
2026-08-26 01:04:58,018 [ETK-MAIL] INFO: Loaded 4 emails from sent
2026-08-26 01:04:58,022 [ETK-MAIL] INFO: ═══════════════════════════════════════════════════
2026-08-26 01:04:58,023 [ETK-MAIL] INFO:   ETK Mail Server v1.0
2026-08-26 01:04:58,023 [ETK-MAIL] INFO:   Domain  : edgetech-knowledgey.fwh.is
2026-08-26 01:04:58,023 [ETK-MAIL] INFO:   Owner   : david@edgetech-knowledgey.fwh.is · Chief Architect
2026-08-26 01:04:58,024 [ETK-MAIL] INFO:   SMTP    : 0.0.0.0:8025
2026-08-26 01:04:58,024 [ETK-MAIL] INFO:   API     : 0.0.0.0:8585
2026-08-26 01:04:58,024 [ETK-MAIL] INFO:   Mailbox : ./etk_mailbox/
2026-08-26 01:04:58,024 [ETK-MAIL] INFO: ═══════════════════════════════════════════════════
2026-08-26 01:04:58,024 [ETK-MAIL] INFO:   ETK Sovereign Mail — running on your device
2026-08-26 01:05:06,793 [ETK-MAIL] INFO: Loaded 5 emails from inbox
2026-08-26 01:05:06,795 [ETK-MAIL] INFO: Loaded 4 emails from sent
2026-08-26 01:05:06,796 [ETK-MAIL] INFO: ═══════════════════════════════════════════════════
2026-08-26 01:05:06,796 [ETK-MAIL] INFO:   ETK Mail Server v1.0
2026-08-26 01:05:06,797 [ETK-MAIL] INFO:   Domain  : edgetech-knowledgey.fwh.is
2026-08-26 01:05:06,797 [ETK-MAIL] INFO:   Owner   : david@edgetech-knowledgey.fwh.is · Chief Architect
2026-08-26 01:05:06,797 [ETK-MAIL] INFO:   SMTP    : 0.0.0.0:8025
2026-08-26 01:05:06,797 [ETK-MAIL] INFO:   API     : 0.0.0.0:8585
2026-08-26 01:05:06,797 [ETK-MAIL] INFO:   Mailbox : ./etk_mailbox/
2026-08-26 01:05:06,797 [ETK-MAIL] INFO: ═══════════════════════════════════════════════════
2026-08-26 01:05:06,797 [ETK-MAIL] INFO:   ETK Sovereign Mail — running on your device
2026-08-26 08:04:43,312 [ETK-MAIL] INFO: Loaded 5 emails from inbox
2026-08-26 08:04:43,314 [ETK-MAIL] INFO: Loaded 4 emails from sent
2026-08-26 08:04:43,316 [ETK-MAIL] INFO: ═══════════════════════════════════════════════════
2026-08-26 08:04:43,316 [ETK-MAIL] INFO:   ETK Mail Server v1.0
2026-08-26 08:04:43,316 [ETK-MAIL] INFO:   Domain  : edgetech-knowledgey.fwh.is
2026-08-26 08:04:43,316 [ETK-MAIL] INFO:   Owner   : david@edgetech-knowledgey.fwh.is · Chief Architect
2026-08-26 08:04:43,316 [ETK-MAIL] INFO:   SMTP    : 0.0.0.0:8025
2026-08-26 08:04:43,316 [ETK-MAIL] INFO:   API     : 0.0.0.0:8585
2026-08-26 08:04:43,316 [ETK-MAIL] INFO:   Mailbox : ./etk_mailbox/
2026-08-26 08:04:43,316 [ETK-MAIL] INFO: ═══════════════════════════════════════════════════
2026-08-26 08:04:43,316 [ETK-MAIL] INFO:   ETK Sovereign Mail — running on your device
2026-08-26 08:04:49,585 [ETK-MAIL] INFO: Loaded 5 emails from inbox
2026-08-26 08:04:49,590 [ETK-MAIL] INFO: Loaded 4 emails from sent
2026-08-26 08:04:49,599 [ETK-MAIL] INFO: ═══════════════════════════════════════════════════
2026-08-26 08:04:49,599 [ETK-MAIL] INFO:   ETK Mail Server v1.0
2026-08-26 08:04:49,599 [ETK-MAIL] INFO:   Domain  : edgetech-knowledgey.fwh.is
2026-08-26 08:04:49,599 [ETK-MAIL] INFO:   Owner   : david@edgetech-knowledgey.fwh.is · Chief Architect
2026-08-26 08:04:49,599 [ETK-MAIL] INFO:   SMTP    : 0.0.0.0:8025
2026-08-26 08:04:49,599 [ETK-MAIL] INFO:   API     : 0.0.0.0:8585
2026-08-26 08:04:49,599 [ETK-MAIL] INFO:   Mailbox : ./etk_mailbox/
2026-08-26 08:04:49,599 [ETK-MAIL] INFO: ═══════════════════════════════════════════════════
2026-08-26 08:04:49,599 [ETK-MAIL] INFO:   ETK Sovereign Mail — running on your device
2026-08-26 18:59:43,928 [ETK-MAIL] INFO: Loaded 5 emails from inbox
2026-08-26 18:59:43,931 [ETK-MAIL] INFO: Loaded 4 emails from sent
2026-08-26 18:59:43,938 [ETK-MAIL] INFO: ═══════════════════════════════════════════════════
2026-08-26 18:59:43,938 [ETK-MAIL] INFO:   ETK Mail Server v1.0
2026-08-26 18:59:43,938 [ETK-MAIL] INFO:   Domain  : edgetech-knowledgey.fwh.is
2026-08-26 18:59:43,938 [ETK-MAIL] INFO:   Owner   : david@edgetech-knowledgey.fwh.is · Chief Architect
2026-08-26 18:59:43,938 [ETK-MAIL] INFO:   SMTP    : 0.0.0.0:8025
2026-08-26 18:59:43,938 [ETK-MAIL] INFO:   API     : 0.0.0.0:8585
2026-08-26 18:59:43,939 [ETK-MAIL] INFO:   Mailbox : ./etk_mailbox/
2026-08-26 18:59:43,939 [ETK-MAIL] INFO: ═══════════════════════════════════════════════════
2026-08-26 18:59:43,939 [ETK-MAIL] INFO:   ETK Sovereign Mail — running on your device
2026-08-26 18:59:50,187 [ETK-MAIL] INFO: Loaded 5 emails from inbox
2026-08-26 18:59:50,187 [ETK-MAIL] INFO: Loaded 4 emails from sent
2026-08-26 18:59:50,189 [ETK-MAIL] INFO: ═══════════════════════════════════════════════════
2026-08-26 18:59:50,190 [ETK-MAIL] INFO:   ETK Mail Server v1.0
2026-08-26 18:59:50,190 [ETK-MAIL] INFO:   Domain  : edgetech-knowledgey.fwh.is
2026-08-26 18:59:50,190 [ETK-MAIL] INFO:   Owner   : david@edgetech-knowledgey.fwh.is · Chief Architect
2026-08-26 18:59:50,190 [ETK-MAIL] INFO:   SMTP    : 0.0.0.0:8025
2026-08-26 18:59:50,190 [ETK-MAIL] INFO:   API     : 0.0.0.0:8585
2026-08-26 18:59:50,190 [ETK-MAIL] INFO:   Mailbox : ./etk_mailbox/
2026-08-26 18:59:50,190 [ETK-MAIL] INFO: ═══════════════════════════════════════════════════
2026-08-26 18:59:50,190 [ETK-MAIL] INFO:   ETK Sovereign Mail — running on your device
2026-08-26 21:25:20,729 [ETK-MAIL] INFO: Loaded 5 emails from inbox
2026-08-26 21:25:20,740 [ETK-MAIL] INFO: Loaded 4 emails from sent
2026-08-26 21:25:20,741 [ETK-MAIL] INFO: ═══════════════════════════════════════════════════
2026-08-26 21:25:20,741 [ETK-MAIL] INFO:   ETK Mail Server v1.0
2026-08-26 21:25:20,741 [ETK-MAIL] INFO:   Domain  : edgetech-knowledgey.fwh.is
2026-08-26 21:25:20,741 [ETK-MAIL] INFO:   Owner   : david@edgetech-knowledgey.fwh.is · Chief Architect
2026-08-26 21:25:20,741 [ETK-MAIL] INFO:   SMTP    : 0.0.0.0:8025
2026-08-26 21:25:20,741 [ETK-MAIL] INFO:   API     : 0.0.0.0:8585
2026-08-26 21:25:20,741 [ETK-MAIL] INFO:   Mailbox : ./etk_mailbox/
2026-08-26 21:25:20,741 [ETK-MAIL] INFO: ═══════════════════════════════════════════════════
2026-08-26 21:25:20,741 [ETK-MAIL] INFO:   ETK Sovereign Mail — running on your device
2026-08-26 21:25:27,659 [ETK-MAIL] INFO: Loaded 5 emails from inbox
2026-08-26 21:25:27,659 [ETK-MAIL] INFO: Loaded 4 emails from sent
2026-08-26 21:25:27,661 [ETK-MAIL] INFO: ═══════════════════════════════════════════════════
2026-08-26 21:25:27,661 [ETK-MAIL] INFO:   ETK Mail Server v1.0
2026-08-26 21:25:27,661 [ETK-MAIL] INFO:   Domain  : edgetech-knowledgey.fwh.is
2026-08-26 21:25:27,661 [ETK-MAIL] INFO:   Owner   : david@edgetech-knowledgey.fwh.is · Chief Architect
2026-08-26 21:25:27,661 [ETK-MAIL] INFO:   SMTP    : 0.0.0.0:8025
2026-08-26 21:25:27,661 [ETK-MAIL] INFO:   API     : 0.0.0.0:8585
2026-08-26 21:25:27,662 [ETK-MAIL] INFO:   Mailbox : ./etk_mailbox/
2026-08-26 21:25:27,662 [ETK-MAIL] INFO: ═══════════════════════════════════════════════════
2026-08-26 21:25:27,662 [ETK-MAIL] INFO:   ETK Sovereign Mail — running on your device
2026-08-28 04:05:46,717 [ETK-MAIL] INFO: Loaded 5 emails from inbox
2026-08-28 04:05:46,755 [ETK-MAIL] INFO: Loaded 4 emails from sent
2026-08-28 04:05:46,814 [ETK-MAIL] INFO: ═══════════════════════════════════════════════════
2026-08-28 04:05:46,896 [ETK-MAIL] INFO:   ETK Mail Server v1.0
2026-08-28 04:05:46,896 [ETK-MAIL] INFO:   Domain  : edgetech-knowledgey.fwh.is
2026-08-28 04:05:46,902 [ETK-MAIL] INFO:   Owner   : david@edgetech-knowledgey.fwh.is · Chief Architect
2026-08-28 04:05:46,903 [ETK-MAIL] INFO:   SMTP    : 0.0.0.0:8025
2026-08-28 04:05:46,903 [ETK-MAIL] INFO:   API     : 0.0.0.0:8585
2026-08-28 04:05:46,903 [ETK-MAIL] INFO:   Mailbox : ./etk_mailbox/
2026-08-28 04:05:46,903 [ETK-MAIL] INFO: ═══════════════════════════════════════════════════
2026-08-28 04:05:46,903 [ETK-MAIL] INFO:   ETK Sovereign Mail — running on your device
2026-08-28 04:06:38,295 [ETK-MAIL] INFO: Loaded 5 emails from inbox
2026-08-28 04:06:38,299 [ETK-MAIL] INFO: Loaded 4 emails from sent
2026-08-28 04:06:38,300 [ETK-MAIL] INFO: ═══════════════════════════════════════════════════
2026-08-28 04:06:38,301 [ETK-MAIL] INFO:   ETK Mail Server v1.0
2026-08-28 04:06:38,301 [ETK-MAIL] INFO:   Domain  : edgetech-knowledgey.fwh.is
2026-08-28 04:06:38,301 [ETK-MAIL] INFO:   Owner   : david@edgetech-knowledgey.fwh.is · Chief Architect
2026-08-28 04:06:38,301 [ETK-MAIL] INFO:   SMTP    : 0.0.0.0:8025
2026-08-28 04:06:38,301 [ETK-MAIL] INFO:   API     : 0.0.0.0:8585
2026-08-28 04:06:38,301 [ETK-MAIL] INFO:   Mailbox : ./etk_mailbox/
2026-08-28 04:06:38,301 [ETK-MAIL] INFO: ═══════════════════════════════════════════════════
2026-08-28 04:06:38,301 [ETK-MAIL] INFO:   ETK Sovereign Mail — running on your device
2026-08-28 05:26:05,167 [ETK-MAIL] INFO: Loaded 5 emails from inbox
2026-08-28 05:26:05,168 [ETK-MAIL] INFO: Loaded 4 emails from sent
2026-08-28 05:26:05,170 [ETK-MAIL] INFO: ═══════════════════════════════════════════════════
2026-08-28 05:26:05,170 [ETK-MAIL] INFO:   ETK Mail Server v1.0
2026-08-28 05:26:05,170 [ETK-MAIL] INFO:   Domain  : edgetech-knowledgey.fwh.is
2026-08-28 05:26:05,170 [ETK-MAIL] INFO:   Owner   : david@edgetech-knowledgey.fwh.is · Chief Architect
2026-08-28 05:26:05,170 [ETK-MAIL] INFO:   SMTP    : 0.0.0.0:8025
2026-08-28 05:26:05,171 [ETK-MAIL] INFO:   API     : 0.0.0.0:8585
2026-08-28 05:26:05,171 [ETK-MAIL] INFO:   Mailbox : ./etk_mailbox/
2026-08-28 05:26:05,171 [ETK-MAIL] INFO: ═══════════════════════════════════════════════════
2026-08-28 05:26:05,171 [ETK-MAIL] INFO:   ETK Sovereign Mail — running on your device
2026-08-28 05:26:12,175 [ETK-MAIL] INFO: Loaded 5 emails from inbox
2026-08-28 05:26:12,176 [ETK-MAIL] INFO: Loaded 4 emails from sent
2026-08-28 05:26:12,181 [ETK-MAIL] INFO: ═══════════════════════════════════════════════════
2026-08-28 05:26:12,182 [ETK-MAIL] INFO:   ETK Mail Server v1.0
2026-08-28 05:26:12,182 [ETK-MAIL] INFO:   Domain  : edgetech-knowledgey.fwh.is
2026-08-28 05:26:12,182 [ETK-MAIL] INFO:   Owner   : david@edgetech-knowledgey.fwh.is · Chief Architect
2026-08-28 05:26:12,182 [ETK-MAIL] INFO:   SMTP    : 0.0.0.0:8025
2026-08-28 05:26:12,182 [ETK-MAIL] INFO:   API     : 0.0.0.0:8585
2026-08-28 05:26:12,182 [ETK-MAIL] INFO:   Mailbox : ./etk_mailbox/
2026-08-28 05:26:12,182 [ETK-MAIL] INFO: ═══════════════════════════════════════════════════
2026-08-28 05:26:12,182 [ETK-MAIL] INFO:   ETK Sovereign Mail — running on your device
2026-08-28 12:00:34,832 [ETK-MAIL] INFO: Loaded 5 emails from inbox
2026-08-28 12:00:34,836 [ETK-MAIL] INFO: Loaded 4 emails from sent
2026-08-28 12:00:34,838 [ETK-MAIL] INFO: ═══════════════════════════════════════════════════
2026-08-28 12:00:34,838 [ETK-MAIL] INFO:   ETK Mail Server v1.0
2026-08-28 12:00:34,838 [ETK-MAIL] INFO:   Domain  : edgetech-knowledgey.fwh.is
2026-08-28 12:00:34,838 [ETK-MAIL] INFO:   Owner   : david@edgetech-knowledgey.fwh.is · Chief Architect
2026-08-28 12:00:34,838 [ETK-MAIL] INFO:   SMTP    : 0.0.0.0:8025
2026-08-28 12:00:34,839 [ETK-MAIL] INFO:   API     : 0.0.0.0:8585
2026-08-28 12:00:34,839 [ETK-MAIL] INFO:   Mailbox : ./etk_mailbox/
2026-08-28 12:00:34,839 [ETK-MAIL] INFO: ═══════════════════════════════════════════════════
2026-08-28 12:00:34,839 [ETK-MAIL] INFO:   ETK Sovereign Mail — running on your device
2026-08-28 12:00:44,995 [ETK-MAIL] INFO: Loaded 5 emails from inbox
2026-08-28 12:00:44,995 [ETK-MAIL] INFO: Loaded 4 emails from sent
2026-08-28 12:00:45,016 [ETK-MAIL] INFO: ═══════════════════════════════════════════════════
2026-08-28 12:00:45,016 [ETK-MAIL] INFO:   ETK Mail Server v1.0
2026-08-28 12:00:45,017 [ETK-MAIL] INFO:   Domain  : edgetech-knowledgey.fwh.is
2026-08-28 12:00:45,017 [ETK-MAIL] INFO:   Owner   : david@edgetech-knowledgey.fwh.is · Chief Architect
2026-08-28 12:00:45,017 [ETK-MAIL] INFO:   SMTP    : 0.0.0.0:8025
2026-08-28 12:00:45,018 [ETK-MAIL] INFO:   API     : 0.0.0.0:8585
2026-08-28 12:00:45,022 [ETK-MAIL] INFO:   Mailbox : ./etk_mailbox/
2026-08-28 12:00:45,023 [ETK-MAIL] INFO: ═══════════════════════════════════════════════════
2026-08-28 12:00:45,024 [ETK-MAIL] INFO:   ETK Sovereign Mail — running on your device
2026-08-28 16:45:05,342 [ETK-MAIL] INFO: Loaded 5 emails from inbox
2026-08-28 16:45:05,344 [ETK-MAIL] INFO: Loaded 4 emails from sent
2026-08-28 16:45:05,350 [ETK-MAIL] INFO: ═══════════════════════════════════════════════════
2026-08-28 16:45:05,351 [ETK-MAIL] INFO:   ETK Mail Server v1.0
2026-08-28 16:45:05,351 [ETK-MAIL] INFO:   Domain  : edgetech-knowledgey.fwh.is
2026-08-28 16:45:05,351 [ETK-MAIL] INFO:   Owner   : david@edgetech-knowledgey.fwh.is · Chief Architect
2026-08-28 16:45:05,351 [ETK-MAIL] INFO:   SMTP    : 0.0.0.0:8025
2026-08-28 16:45:05,351 [ETK-MAIL] INFO:   API     : 0.0.0.0:8585
2026-08-28 16:45:05,351 [ETK-MAIL] INFO:   Mailbox : ./etk_mailbox/
2026-08-28 16:45:05,351 [ETK-MAIL] INFO: ═══════════════════════════════════════════════════
2026-08-28 16:45:05,351 [ETK-MAIL] INFO:   ETK Sovereign Mail — running on your device
2026-08-28 16:45:18,172 [ETK-MAIL] INFO: Loaded 5 emails from inbox
2026-08-28 16:45:18,172 [ETK-MAIL] INFO: Loaded 4 emails from sent
2026-08-28 16:45:18,178 [ETK-MAIL] INFO: ═══════════════════════════════════════════════════
2026-08-28 16:45:18,178 [ETK-MAIL] INFO:   ETK Mail Server v1.0
2026-08-28 16:45:18,178 [ETK-MAIL] INFO:   Domain  : edgetech-knowledgey.fwh.is
2026-08-28 16:45:18,178 [ETK-MAIL] INFO:   Owner   : david@edgetech-knowledgey.fwh.is · Chief Architect
2026-08-28 16:45:18,178 [ETK-MAIL] INFO:   SMTP    : 0.0.0.0:8025
2026-08-28 16:45:18,178 [ETK-MAIL] INFO:   API     : 0.0.0.0:8585
2026-08-28 16:45:18,178 [ETK-MAIL] INFO:   Mailbox : ./etk_mailbox/
2026-08-28 16:45:18,178 [ETK-MAIL] INFO: ═══════════════════════════════════════════════════
2026-08-28 16:45:18,178 [ETK-MAIL] INFO:   ETK Sovereign Mail — running on your device
